index,timestamp,close,regime,confidence,trend_score,atr_score,r2_score,cvd_score,bb_score,snr_score,atr_ratio,r2_value,cvd_consistency,bb_width_pct,snr_value,divergence
120,2024-01-01 11:30:00,105.71774599379282,NEUTRAL,0.3333333333333333,0.07650417215737165,1.0,0.5,-0.5959963662405787,1.0,-0.9974836814124185,1.8115351308079803,0.574460739859096,0.40400363375942133,0.10307163300657543,0.0012581592937907589,0
121,2024-01-01 11:31:00,105.94834019385613,NEUTRAL,0.6666666666666666,0.08701502000071559,1.0,0.5,-0.5566502210748874,1.0,-0.9941121236528128,1.7403663562733718,0.596027672750773,0.4433497789251127,0.10362615692344972,0.0029439381735936014,0
122,2024-01-01 11:32:00,106.66938101238568,NEUTRAL,1.0,-0.02289611056487048,1.0,0.030409481606917532,-0.5293980366249291,1.0,-0.9907448590518381,1.6369758280609947,0.612163792642767,0.4706019633750708,0.10475091920805886,0.00462757047408095,0
123,2024-01-01 11:33:00,106.79698936615603,NEUTRAL,1.0,-0.015961211671943476,0.976722880313575,0.06547810276290034,-0.5207694470873454,1.0,-0.9874147582677361,1.4883614401567875,0.6261912411051601,0.4792305529126546,0.10400522259560657,0.006292620866131968,0
124,2024-01-01 11:34:00,107.34952646523273,NEUTRAL,1.0,-0.0012330540553920633,1.0,0.10432018280586042,-0.5218889101052138,1.0,-0.9842043611527687,1.619653327186503,0.6417280731223441,0.47811108989478623,0.1032856523939414,0.007897819423615686,0
125,2024-01-01 11:35:00,108.24921331944128,NEUTRAL,1.0,0.01569678381067738,1.0,0.1473963273726145,-0.4997594595284425,1.0,-0.981062165751828,1.572772170969491,0.6589585309490458,0.5002405404715575,0.10413093582455626,0.009468917124085962,0
126,2024-01-01 11:36:00,108.4677606167996,NEUTRAL,1.0,0.02654985948276742,1.0,0.19158600773728746,-0.503109861241716,1.0,-0.9778458857056274,1.591789618384579,0.676634403094915,0.496890138758284,0.10510132471048102,0.01107705714718633,0
127,2024-01-01 11:37:00,108.778781566122,NEUTRAL,1.0,0.012092173424008062,0.8490362435390422,0.24192542151529245,-0.49310202598964104,1.0,-0.974604620826066,1.424518121769521,0.696770168606117,0.506897974010359,0.10554657959452796,0.012697689586967,0
128,2024-01-01 11:38:00,109.23557660053775,NEUTRAL,1.0,0.045736190232349594,0.9076382256697881,0.2925834732040189,-0.45857431994242714,1.0,-0.9714687160850299,1.453819112834894,0.7170333892816075,0.5414256800575729,0.10604562246052295,0.014265641957485047,0
129,2024-01-01 11:39:00,109.56252400017647,NEUTRAL,1.0,0.04233133146406093,0.8324648628393465,0.3381078150396044,-0.4601239066217173,1.0,-0.9682880910414008,1.4162324314196733,0.7352431260158417,0.5398760933782827,0.10598821943046666,0.015855954479299626,0
130,2024-01-01 11:40:00,109.66098489741242,NEUTRAL,1.0,0.017050639147803526,0.655822701860524,0.3852634629606519,-0.46957094058386695,1.0,-0.9651851590924875,1.327911350930262,0.7541053851842607,0.530429059416133,0.1034603415310795,0.017407420453756265,0
131,2024-01-01 11:41:00,110.11466620369153,NEUTRAL,1.0,0.050843352298329564,0.68990693511285,0.4386152472349017,-0.41745817858330847,1.0,-0.9621365094356937,1.344953467556425,0.7754460988939607,0.5825418214166915,0.10075679306239511,0.018931745282153148,0
132,2024-01-01 11:42:00,110.32117443081852,NEUTRAL,1.0,0.006182716508585956,0.4054321425290248,0.48992284343040426,-0.4223174773885865,1.0,-0.9590252675383673,1.2027160712645124,0.7959691373721617,0.5776825226114135,0.09721952679888458,0.02048736623081636,0
133,2024-01-01 11:43:00,110.86695367484022,NEUTRAL,1.0,-0.05222440156995886,0.0,0.5468342989522609,-0.39079650882825556,1.0,-0.956169245504801,1.1373784305999042,0.8187337195809044,0.6092034911717444,0.09569592102077239,0.021915377247599527,0
134,2024-01-01 11:44:00,111.10655396157092,NEUTRAL,1.0,-0.03638484814120249,0.0,0.5879751273178243,-0.370690079144133,1.0,-0.9535305509231266,1.0555540945154684,0.8351900509271297,0.629309920855867,0.09348203043822637,0.023234724538436717,0
135,2024-01-01 11:45:00,111.89539591863316,NEUTRAL,1.0,-0.02219740444844237,0.0,0.6295253323387592,-0.3575404519559915,1.0,-0.9509681227206714,1.1004884255710705,0.8518101329355037,0.6424595480440085,0.09258229971054475,0.0245159386396643,0
136,2024-01-01 11:46:00,112.16769262780663,NEUTRAL,1.0,0.004403732156829682,0.0,0.6698105399353615,-0.29338440713799907,1.0,-0.9485140052125547,1.0910005206330737,0.8679242159741446,0.7066155928620009,0.09113077824232149,0.025742997393722634,0
137,2024-01-01 11:47:00,112.54411360400384,NEUTRAL,1.0,0.00977740057971821,0.0,0.7067360756049914,-0.3108408397966903,1.0,-0.9459820418617852,1.1256158814722224,0.8826944302419966,0.6891591602033097,0.08858901411998418,0.027008979069107392,0
138,2024-01-01 11:48:00,113.17740320668078,NEUTRAL,1.0,0.031247562339175722,0.0,0.7413469880482695,-0.26150564622282224,1.0,-0.9435638655859304,1.0329236968255064,0.8965387952193078,0.7384943537771778,0.08750381090200743,0.028218067207034788,0
139,2024-01-01 11:49:00,113.35150076543998,NEUTRAL,1.0,0.0501267589552937,0.0,0.767364299412486,-0.2138278505844996,1.0,-0.9412867662585144,0.9898051226011108,0.9069457197649944,0.7861721494155004,0.08616225862895101,0.029356616870742806,0
140,2024-01-01 11:50:00,113.85647261840452,NEUTRAL,1.0,0.05468978422870607,0.0,0.7907222556378315,-0.2209467490832988,1.0,-0.9387704620496354,0.9999642420846487,0.9162889022551326,0.7790532509167012,0.08574138258699274,0.030614768975182297,0
141,2024-01-01 11:51:00,114.60955183530075,NEUTRAL,1.0,0.05676051636939072,0.0,0.8127439483486937,-0.2366817231908993,1.0,-0.9362751996002894,1.0488669372717032,0.9250975793394774,0.7633182768091007,0.08579892518490594,0.03186240019985534,0
142,2024-01-01 11:52:00,114.6995241764503,NEUTRAL,1.0,0.08604865908946835,0.0,0.8384067630010539,-0.14727463635411864,1.0,-0.9336718628613271,1.0519180441029425,0.9353627052004215,0.8527253636458814,0.08577473005591965,0.03316406856933648,0
143,2024-01-01 11:53:00,115.20067710459713,NEUTRAL,1.0,0.10168656099833784,0.0,0.8605573713415517,-0.1088237583773487,1.0,-0.9312342112135646,0.9767878443231974,0.9442229485366207,0.8911762416226513,0.08510302341450417,0.03438289439321768,0
144,2024-01-01 11:54:00,115.72135716074602,NEUTRAL,1.0,0.11751969741665214,0.0,0.878672083229813,-0.06552561264888401,1.0,-0.9288346011429004,0.9173324611718363,0.9514688332919252,0.934474387351116,0.08521857304091227,0.03558269942854979,0
145,2024-01-01 11:55:00,116.36518979695177,NEUTRAL,1.0,0.12403032861982047,0.0,0.8936652815301968,-0.05643185603977119,1.0,-0.9263901387639296,0.9260490527114906,0.9574661126120787,0.9435681439602288,0.08759011458549314,0.0368049306180352,0
146,2024-01-01 11:56:00,116.54277454765798,NEUTRAL,1.0,0.1261799190885836,0.0,0.9097068980570927,-0.06577024228427819,1.0,-0.9240212242731001,0.9549486417627028,0.9638827592228371,0.9342297577157218,0.0886090856610628,0.03798938786344995,0
147,2024-01-01 11:57:00,116.70116629113132,NEUTRAL,1.0,0.13989158916901595,0.0,0.9251318483446921,-0.02837064344219553,1.0,-0.9214935602830409,0.8625568831675343,0.9700527393378768,0.9716293565578045,0.08861167151756913,0.03925321985847955,0
148,2024-01-01 11:58:00,117.28979333518247,NEUTRAL,1.0,0.14932317226562483,0.0,0.9377286871288917,-0.0052243037834859285,1.0,-0.919014617853633,0.9059530908879074,0.9750914748515567,0.9947756962165141,0.08934544373845145,0.04049269107318349,0
149,2024-01-01 11:59:00,117.82861905041766,NEUTRAL,1.0,0.15252477137826148,0.0,0.9497409312925809,-0.0064183564393309744,1.0,-0.9165293616752551,0.905980705512033,0.9798963725170323,0.993581643560669,0.09022909679693276,0.04173531916237244,0
150,2024-01-01 12:00:00,118.35896397989583,NEUTRAL,1.0,0.15317374971234335,0.0,0.9604024013349912,-0.016438954245466486,1.0,-0.9140855603001892,0.9116874393948055,0.9841609605339965,0.9835610457545335,0.0904555132055817,0.042957219849905394,0
151,2024-01-01 12:01:00,118.91441033811293,NEUTRAL,0.3333333333333333,0.2925199506319648,0.0,0.9712810105588107,0.5278184031656425,1.0,-0.9112745139957422,0.9406937288341488,0.9885124042235243,1.055636806331285,0.09109607934174856,0.0443627430021289,0
152,2024-01-01 12:02:00,119.2283385019017,NEUTRAL,0.6666666666666666,0.3143976587779271,0.0,0.9797045424979117,0.6045581059259498,1.0,-0.9083400166401914,0.957372013021074,0.9918818169991647,1.2091162118518997,0.09059399183225846,0.045829991679904335,0
153,2024-01-01 12:03:00,119.76063430075617,TREND_UP,1.0,0.33792796622190274,0.0,0.9863115790777066,0.6898055461317142,1.0,-0.905506575402262,0.995219084362249,0.9945246316310826,1.3796110922634284,0.090680576202145,0.04724671229886903,0
154,2024-01-01 12:04:00,120.30987392855587,TREND_UP,1.0,0.3827569863729128,0.0,0.9911946009060463,0.8617799536640086,1.0,-0.9024332613480047,0.9257531467966321,0.9964778403624185,1.7235599073280172,0.09039800241648271,0.04878336932599764,0
155,2024-01-01 12:05:00,120.61922636618323,TREND_UP,1.0,0.3843683012827765,0.0,0.9937043958718313,0.8633234140523334,1.0,-0.8994432559913231,0.9356459759925998,0.9974817583487325,1.7266468281046667,0.09073760972039205,0.05027837200433843,0
156,2024-01-01 12:06:00,121.55179982786402,TREND_UP,1.0,0.3851804459051888,0.0,0.9952944659358423,0.8625497746728374,1.0,-0.8964030712349055,0.9978995680136064,0.9981177863743369,1.7250995493456749,0.09204121899025772,0.05179846438254727,0
157,2024-01-01 12:07:00,122.1531975158845,TREND_UP,1.0,0.38667537222678283,0.0,0.9962452100030078,0.8653859361806403,1.0,-0.8936620715956463,1.043349654174876,0.9984980840012031,1.7307718723612806,0.09342329750033747,0.05316896420217688,0
158,2024-01-01 12:08:00,122.35076724315772,TREND_UP,1.0,0.42101649045264566,0.0,0.9968736660233762,1.0,1.0,-0.8910096302659918,1.0778831243154259,0.9987494664093505,2.2003817201032723,0.0943830503647165,0.05449518486700413,0
159,2024-01-01 12:09:00,123.00082998763557,TREND_UP,1.0,0.4215596509816386,0.0,0.9968593927662885,1.0,1.0,-0.8882759860496674,1.0862750014438745,0.9987437571065154,2.1754642436100298,0.09500785851957097,0.05586200697516632,0
160,2024-01-01 12:10:00,123.25305999876272,TREND_UP,1.0,0.4221590216879698,0.0,0.9968291160760753,1.0,1.0,-0.8852412866552448,1.055854709126003,0.9987316464304301,2.143685853570715,0.09502670476783139,0.05737935667237761,0
161,2024-01-01 12:11:00,123.94009341053611,TREND_UP,1.0,0.4227318129899563,0.0,0.996615290438137,1.0,1.0,-0.8821100480978892,1.1718157355139496,0.9986461161752548,2.061116659204913,0.09649829485783326,0.05894497595105543,0
162,2024-01-01 12:12:00,124.72304667275269,TREND_UP,1.0,0.4232271297215058,0.0,0.996079599434353,1.0,1.0,-0.8789638506854126,1.1791370127972807,0.9984318397737412,2.101444781016111,0.09774285232073396,0.06051807465729371,0
163,2024-01-01 12:13:00,125.01722286125312,TREND_UP,1.0,0.42379923516204177,0.0,0.9957558482237372,1.0,1.0,-0.8756986344694626,1.1366554225220291,0.9983023392894949,2.1151428284576492,0.09835466374916485,0.0621506827652687,0
164,2024-01-01 12:14:00,125.75816896919603,TREND_UP,1.0,0.4242479367747819,0.0,0.9951601525314457,1.0,1.0,-0.8727105067903977,1.1393170892684439,0.9980640610125783,2.061977122024664,0.09974992672463781,0.06364474660480111,0
165,2024-01-01 12:15:00,126.3650227921867,TREND_UP,1.0,0.424646262282547,0.0,0.9944312225851867,1.0,1.0,-0.8698077168187482,1.193567507237906,0.9977724890340747,2.073204763407453,0.10180010665992412,0.06509614159062589,0
166,2024-01-01 12:16:00,127.07824218506397,TREND_UP,1.0,0.5342018119921287,0.5460948873446236,0.9935119186924196,1.0,1.0,-0.8669757257495049,1.2730474436723118,0.9974047674769678,2.075769556179036,0.10348665156020888,0.06651213712524758,0
167,2024-01-01 12:17:00,128.0686373898535,TREND_UP,1.0,0.5367350786220924,0.5578910074050554,0.9918065998688103,1.0,1.0,-0.8639738641306068,1.2789455037025277,0.9967226399475241,2.015464214146036,0.10540535335711107,0.06801306793469658,0
168,2024-01-01 12:18:00,128.51805889611663,TREND_UP,1.0,0.5535309028021063,0.646508723464871,0.9904623919569311,0.9950453367337168,1.0,-0.8607388703176493,1.3232543617324355,0.9961849567827724,1.9900906734674335,0.10696252395999498,0.06963056484117539,0
169,2024-01-01 12:19:00,128.83839371417503,TREND_UP,1.0,0.5332984202351002,0.5449150450904634,0.9896089158439986,0.9938325848562247,1.0,-0.8577248197902415,1.2724575225452317,0.9958435663375994,1.9876651697124494,0.10772676058011656,0.07113759010487926,0
170,2024-01-01 12:20:00,129.12454006843467,TREND_UP,1.0,0.42144624067966563,0.0,0.9889811955736257,0.9803587143450391,1.0,-0.8544436840000029,1.1380780705306253,0.9955924782294503,1.9607174286900781,0.10771035144343373,0.07277815799999851,0
171,2024-01-01 12:21:00,129.43035597304987,TREND_UP,1.0,0.418933150118538,0.0,0.9886075777181849,0.96798173474704,1.0,-0.8510708899888411,1.124713466786579,0.9954430310872739,1.93596346949408,0.10715293231792122,0.07446455500557947,0
172,2024-01-01 12:22:00,129.92811879355088,TREND_UP,1.0,0.4229050740151984,0.0,0.9882554015000308,0.9815667690537484,1.0,-0.8477523431162322,1.172576308370009,0.9953021606000123,1.9631335381074968,0.10591441311947263,0.07612382844188391,0
173,2024-01-01 12:23:00,130.53648173734635,TREND_UP,1.0,0.42448041808191933,0.0,0.9880657173827558,0.9852214233599075,1.0,-0.8442068355187323,1.18973234019002,0.9952262869531023,1.970442846719815,0.10485574793878699,0.07789658224063382,0
174,2024-01-01 12:24:00,131.130864151243,TREND_UP,1.0,0.5180003212885489,0.46385532667552765,0.9878045692495924,0.9853414687854835,1.0,-0.8402862677766278,1.2319276633377638,0.9951218276998369,1.970682937570967,0.10397424637668526,0.07985686611168606,0
175,2024-01-01 12:25:00,131.87232611636304,TREND_UP,1.0,0.4270665136114723,0.0,0.9873868693384935,0.9896986924380757,1.0,-0.8360243841633501,1.176334539675885,0.9949547477353974,1.9793973848761515,0.10291189121207919,0.08198780791832493,0
176,2024-01-01 12:26:00,132.4032446002802,TREND_UP,1.0,0.4303919450469906,0.0,0.9870359699142139,1.0,1.0,-0.8318352371578144,1.1387833732038772,0.9948143879656856,2.0261699942121565,0.10288154700372096,0.08408238142109284,0
177,2024-01-01 12:27:00,133.31776283458672,TREND_UP,1.0,0.5165275113128873,0.4278347504835094,0.9860375562829962,1.0,1.0,-0.8277441392728182,1.2139173752417547,0.9944150225131985,2.054350868821389,0.10400531578413891,0.08612793036359091,0
178,2024-01-01 12:28:00,133.78046697207273,TREND_UP,1.0,0.43169310996291477,0.0,0.9854492644278529,1.0,1.0,-0.8233460307202423,1.176329026217934,0.9941797057711411,2.0797319994866554,0.1038077566448941,0.08832698463987886,0
179,2024-01-01 12:29:00,135.0433998426598,TREND_UP,1.0,0.5123104117492522,0.4004885069055355,0.9838926174173873,1.0,1.0,-0.8188022199310085,1.2002442534527678,0.9935570469669549,2.0789151053914185,0.1057561222322459,0.09059889003449575,0
180,2024-01-01 12:30:00,135.7525579336559,TREND_UP,1.0,0.43278152593627117,0.0,0.9825650980888784,1.0,1.0,-0.8142987429297421,1.1612629392752922,0.9930260392355513,2.0712351826935707,0.10692500967316862,0.09285062853512896,0
181,2024-01-01 12:31:00,136.0628455037192,TREND_UP,1.0,0.4335483129694857,0.0,0.9817987173905026,1.0,1.0,-0.8095068318906995,1.059403853422269,0.992719486956201,2.072877577860279,0.1073689660130091,0.09524658405465022,0
182,2024-01-01 12:32:00,136.3156795247045,TREND_UP,1.0,0.4345882665588727,0.0,0.9821472549457069,1.0,1.0,-0.8047427358877699,1.0944231353937557,0.9928589019782827,2.0778994213233584,0.10738378124837512,0.09762863205611506,0
183,2024-01-01 12:33:00,136.99247935307494,TREND_UP,1.0,0.43545435975179414,0.0,0.9820678374561567,1.0,1.0,-0.8003129980612249,1.0947304232576602,0.9928271349824627,2.0796889492504165,0.10683038719725516,0.09984350096938752,0
184,2024-01-01 12:34:00,137.4792238284774,TREND_UP,1.0,0.43652422851909617,0.0,0.9824106284867514,1.0,1.0,-0.7953921430129581,1.0938790864670072,0.9929642513947006,2.0799639190613863,0.1064079263009793,0.10230392849352093,0
185,2024-01-01 12:35:00,138.22546119127315,TREND_UP,1.0,0.4379167848550833,0.0,0.9835467488993301,1.0,1.0,-0.7898495118487461,1.1197790982630238,0.993418699559732,2.0953162947272217,0.10645027134636507,0.10507524407562696,0
186,2024-01-01 12:36:00,138.9091900138577,TREND_UP,1.0,0.43925528169652545,0.0,0.9843597294983059,1.0,1.0,-0.7841732533902548,1.0872561404221288,0.9937438917993223,2.0399688342683806,0.10704908012326954,0.10791337330487259,0
187,2024-01-01 12:37:00,139.4445935633796,TREND_UP,1.0,0.4407492720030256,0.0,0.9852022568040211,1.0,1.0,-0.7777564609898986,1.0687969381070912,0.9940809027216084,2.0260096382050174,0.10851666550642275,0.1111217695050507,0
188,2024-01-01 12:38:00,139.76621032593698,TREND_UP,1.0,0.4424887455571054,0.0,0.9864835350250714,1.0,1.0,-0.7706606909958122,1.0568091700883584,0.9945934140100285,2.0214527284394737,0.1090579119369703,0.11466965450209386,0
189,2024-01-01 12:39:00,139.90182625560652,TREND_UP,1.0,0.44262173332640575,0.0,0.9878998341752826,0.993179908231141,1.0,-0.7632410113760006,1.0799218251934242,0.995159933670113,1.986359816462282,0.10802219259513966,0.11837949431199969,0
190,2024-01-01 12:40:00,140.33649704613973,TREND_UP,1.0,0.44617960216572006,0.0,0.9888417752447187,1.0,1.0,-0.7551542082272984,1.072457680730273,0.9955367100978875,2.012388745858901,0.10602689239833302,0.12242289588635082,0
191,2024-01-01 12:41:00,141.13821104806405,TREND_UP,1.0,0.44360978888722674,0.0,0.9897417288702905,0.9813546795178627,1.0,-0.7458215660490577,1.0538339016046168,0.9958966915481162,1.9627093590357254,0.10383772889114717,0.12708921697547115,0
192,2024-01-01 12:42:00,141.76319750834253,TREND_UP,1.0,0.4371554500529171,0.0,0.9903313232069002,0.9470184643771742,1.0,-0.7359099842155075,1.0741609642751944,0.9961325292827601,1.8940369287543484,0.10147084381784897,0.13204500789224627,0
193,2024-01-01 12:43:00,141.9770504733152,TREND_UP,1.0,0.43831879863968504,0.0,0.9911065933320309,0.9411861961327885,1.0,-0.7237719936325993,1.007118857325759,0.9964426373328124,1.882372392265577,0.09828044387215765,0.13811400318370035,0
194,2024-01-01 12:44:00,142.59413410930964,TREND_UP,1.0,0.43469287012048685,0.0,0.9916261438869906,0.9173763498793059,1.0,-0.7127887666054359,0.9266409834248208,0.9966504575547962,1.8347526997586119,0.09520768659971285,0.14360561669728206,0
195,2024-01-01 12:45:00,143.27439864198627,TREND_UP,1.0,0.4301841918773841,0.0,0.9925048932502134,0.8885786353962636,1.0,-0.7004334514211759,1.0071106998913733,0.9970019573000853,1.7771572707925272,0.0928574693002219,0.14978327428941207,0
196,2024-01-01 12:46:00,143.5942279512403,TREND_UP,1.0,0.44003520951481057,0.0,0.9931590503197065,0.9163903773416767,1.0,-0.6867607370026763,0.9724350417081958,0.9972636201278826,1.8327807546833534,0.08977185330932402,0.15661963149866184,0
197,2024-01-01 12:47:00,144.2127529388552,TREND_UP,1.0,0.448074722337354,0.0,0.9937066012574508,0.9364389873871697,1.0,-0.6723083741190056,0.9718370567718561,0.9974826405029803,1.8728779747743394,0.08787157379380425,0.16384581294049722,0
198,2024-01-01 12:48:00,144.8063928296749,TREND_UP,1.0,0.4437920170519072,0.0,0.9944212436400512,0.9059902479899888,1.0,-0.6565542792780142,0.9724248104792673,0.9977684974560205,1.8119804959799777,0.08582562918473094,0.17172286036099288,0
199,2024-01-01 12:49:00,145.054599589113,TREND_UP,1.0,0.4474355322568295,0.0,0.9947617571834488,0.9082201641261763,1.0,-0.6415497403528836,0.8984917754480644,0.9979047028733795,1.8164403282523527,0.08511446153730727,0.1792251298235582,0
200,2024-01-01 12:50:00,145.73861539205618,TREND_UP,1.0,0.45463529566074906,0.0,0.9951387595257318,0.9242082734281943,1.0,-0.6260073128886625,0.9950955718165281,0.9980555038102927,1.8484165468563887,0.08538964426432147,0.18699634355566877,0
201,2024-01-01 12:51:00,146.4850257744368,TREND_UP,1.0,0.4620384242031688,0.0,0.9957945032571425,0.9397690031685813,1.0,-0.6092622620163104,1.0059668639539752,0.998317801302857,1.8795380063371625,0.08576357153878138,0.1953688689918448,0
202,2024-01-01 12:52:00,147.38826745607767,TREND_UP,1.0,0.4663877045667183,0.0,0.9960592011589692,0.9411677684634094,1.0,-0.5895951891943819,1.029009175665171,0.9984236804635876,1.8823355369268189,0.0863699984953627,0.20520240540280904,0
203,2024-01-01 12:53:00,148.28845664328415,TREND_UP,1.0,0.4758885382947488,0.0,0.9962258992969255,0.9632874400006435,1.0,-0.569948982648217,1.0879446426561465,0.9984903597187702,1.926574880001287,0.0881993571888354,0.21502550867589149,0
204,2024-01-01 12:54:00,148.4730255411791,TREND_UP,1.0,0.4750374447639709,0.0,0.996538792073291,0.9432041503999479,1.0,-0.549491454271694,1.0677248387659501,0.9986155168293164,1.8864083007998957,0.08879431067049146,0.225254272864153,0
205,2024-01-01 12:55:00,148.78843420113486,TREND_UP,1.0,0.4741000886742375,0.0,0.9969646640418119,0.9219843786535666,1.0,-0.528185859998036,1.0192974973982953,0.9987858656167248,1.8439687573071333,0.0893134360829166,0.23590707000098202,0
206,2024-01-01 12:56:00,149.53685051987208,TREND_UP,1.0,0.47972908452003954,0.0,0.9971562915480705,0.9249793819696436,1.0,-0.5040241692969447,1.0296222659950263,0.9988625166192282,1.8499587639392872,0.0907131231255837,0.24798791535152764,0
207,2024-01-01 12:57:00,150.2886577878331,TREND_UP,1.0,0.4843677327347276,0.0,0.9971776310473093,0.9226278057713592,1.0,-0.4779181323496976,1.0429383872119673,0.9988710524189237,1.8452556115427183,0.09260215551695133,0.2610409338251512,0
208,2024-01-01 12:58:00,151.04462406992778,TREND_UP,1.0,0.48346781252251864,0.0,0.9971753445610967,0.8985351169611653,1.0,-0.4522990142902342,1.1234663520117567,0.9988701378244387,1.7970702339223306,0.09442853420200932,0.2738504928548829,0
209,2024-01-01 12:59:00,152.8126713255041,TREND_UP,1.0,0.6029772137510119,0.5584053441104455,0.9962805625431606,0.9129094153375248,1.0,-0.43000674770624214,1.2792026720552228,0.9985122250172642,1.8258188306750496,0.09826320164288309,0.28499662614687893,0
210,2024-01-01 13:00:00,153.59840061875292,TREND_UP,1.0,0.6038758743074172,0.5414202057145872,0.9952855417184155,0.9136622958220344,1.0,-0.4082256311030634,1.2707101028572936,0.9981142166873662,1.8273245916440688,0.10175895103249559,0.2958871844484683,0
211,2024-01-01 13:01:00,154.56163635348662,TREND_UP,1.0,0.604035372115151,0.5238519895141187,0.9939663295314305,0.9115551501233725,1.0,-0.38557697850686656,1.2619259947570594,0.9975865318125722,1.823110300246745,0.1061794222250285,0.3072115107465667,0
212,2024-01-01 13:02:00,155.47478704619982,TREND_UP,1.0,0.6417073444056213,0.661227862496685,0.992310987366409,0.9401778371918422,1.0,-0.3683021711663923,1.3306139312483425,0.9969243949465636,1.8803556743836845,0.11086526930081517,0.31584891441680385,0
213,2024-01-01 13:03:00,156.29923602654566,TREND_UP,1.0,0.7041559987407521,0.9659457816782857,0.9905588322713749,0.9374996465099633,1.0,-0.35523888645119805,1.4829728908391429,0.9962235329085499,1.8749992930199266,0.11460584484666152,0.322380556774401,0
214,2024-01-01 13:04:00,156.82588028649195,TREND_UP,1.0,0.6624352537892242,0.7400921999013512,0.9892101106615792,0.9438675263843295,1.0,-0.3442629772626161,1.3700460999506756,0.9956840442646316,1.887735052768659,0.11748785864926989,0.32786851136869194,0
215,2024-01-01 13:05:00,157.69123583986632,TREND_UP,1.0,0.6747739544651788,0.8006028314026445,0.9876318902556958,0.9448989711025941,1.0,-0.342396635774613,1.4003014157013223,0.9950527561022783,1.8897979422051883,0.1205343145726141,0.3288016821126935,0
216,2024-01-01 13:06:00,158.0782652568885,TREND_UP,1.0,0.669109616734805,0.7607586855433457,0.9867776051507345,0.9526083178739658,1.0,-0.33944300565019614,1.3803793427716728,0.9947110420602938,1.9052166357479317,0.12184573686801928,0.33027849717490193,0
217,2024-01-01 13:07:00,158.63570656884804,TREND_UP,1.0,0.6354928796182954,0.5758671725472748,0.98622533649598,0.9649240931865,1.0,-0.3373395615588981,1.2879335862736374,0.994490134598392,1.929848186373,0.12253023637487011,0.33133021922055095,0
218,2024-01-01 13:08:00,159.11625741641816,TREND_UP,1.0,0.6542119377192429,0.6683031979431786,0.9857594538743653,0.9654164814628424,1.0,-0.3362134285184738,1.3341515989715893,0.9943037815497461,1.9308329629256848,0.12242268176682793,0.3318932857407631,0
219,2024-01-01 13:09:00,159.77877745936053,TREND_UP,1.0,0.6293627866740005,0.5702276293807476,0.9854072366427804,0.946314033465756,1.0,-0.3380652836464162,1.2851138146903738,0.9941628946571122,1.892628066931512,0.12113332381159489,0.3309673581767919,0
220,2024-01-01 13:10:00,161.1575592012358,TREND_UP,1.0,0.658725498898639,0.7113864958539824,0.9842116927687974,0.9592962888939379,1.0,-0.3471439784392065,1.3556932479269912,0.993684677107519,1.9185925777878758,0.12105975346706814,0.32642801078039674,0
221,2024-01-01 13:11:00,161.20034163640173,TREND_UP,1.0,0.6183810756801876,0.5197507476344616,0.9838635212039748,0.9544148026264117,1.0,-0.3506932740215064,1.2598753738172308,0.9935454084815899,1.9088296052528233,0.1194377972399613,0.3246533629892468,0
222,2024-01-01 13:12:00,162.06639375722702,TREND_UP,1.0,0.5939395306239136,0.40309031013140695,0.9835361001194143,0.9542083414397448,1.0,-0.3555732089607879,1.2015451550657035,0.9934144400477657,1.9084166828794895,0.1184768955562505,0.32221339551960604,0
223,2024-01-01 13:13:00,162.19192524145845,TREND_UP,1.0,0.5170778204042356,0.0,0.9835056696014716,0.9705951958755893,1.0,-0.3572369798251487,1.0753879845530254,0.9934022678405886,1.9411903917511786,0.11674438446394511,0.32138151008742566,0
224,2024-01-01 13:14:00,162.68760586663393,TREND_UP,1.0,0.5191499177616365,0.0,0.983661012395631,0.97925087375629,1.0,-0.3578902688817188,1.0982238687964072,0.9934644049582524,1.95850174751258,0.11342515668439877,0.3210548655591406,0
225,2024-01-01 13:15:00,163.69267382115578,TREND_UP,1.0,0.5189825376866329,0.0,0.9837066145119377,0.9801733054267433,1.0,-0.35993721149018676,1.1114744305730953,0.9934826458047751,1.9603466108534866,0.10958889335735894,0.3200313942549066,0
226,2024-01-01 13:16:00,164.36848885283842,TREND_UP,1.0,0.5222234982868778,0.0,0.9838993904470461,0.9925945944575251,1.0,-0.35949998969632535,1.10471145239161,0.9935597561788184,1.9851891889150501,0.10555800543559354,0.3202500051518373,0
227,2024-01-01 13:17:00,164.67166824721522,TREND_UP,1.0,0.5248818994191753,0.0,0.9846878626824132,1.0,1.0,-0.35645033125714,1.040539888704707,0.9938751450729653,2.0020346453945375,0.10060587442567685,0.32177483437143,0
228,2024-01-01 13:18:00,165.09477440998955,TREND_UP,1.0,0.5242329707523269,0.0,0.9854351319787371,0.9927643713078795,1.0,-0.35158452534663664,0.9291326476905201,0.9941740527914948,1.985528742615759,0.09501947173511457,0.3242077373266817,0
229,2024-01-01 13:19:00,165.97954958172932,TREND_UP,1.0,0.5269464814309174,0.0,0.9859414462655649,1.0,1.0,-0.3476944006773691,0.9019990077438887,0.994376578506226,2.007814955789715,0.09262854509058847,0.32615279966131544,0
230,2024-01-01 13:20:00,166.40101593093237,TREND_UP,1.0,0.5276055170981181,0.0,0.9862692173890599,1.0,1.0,-0.3448089362457344,0.8960777908218356,0.994507686955624,2.0383299414367224,0.09006934934964168,0.3275955318771328,0
231,2024-01-01 13:21:00,167.13865785308295,TREND_UP,1.0,0.5281604562472079,0.0,0.9864338895884367,1.0,1.0,-0.3422400807495062,0.8877728334073756,0.9945735558353747,2.0159427293200136,0.08851919665356416,0.3288799596252469,0
232,2024-01-01 13:22:00,167.8224461168101,TREND_UP,1.0,0.5287171264742698,0.0,0.9865546075054967,1.0,1.0,-0.3396076270105217,0.8753241969496851,0.9946218430021987,2.0142263103932647,0.08778762135524774,0.33019618649473914,0
233,2024-01-01 13:23:00,168.27502957282582,TREND_UP,1.0,0.5301584237405862,0.0,0.9866833133526681,1.0,1.0,-0.33256202298790416,0.880879669121247,0.9946733253410672,2.011351093160583,0.08721480923070335,0.3337189885060479,0
234,2024-01-01 13:24:00,169.6696742011845,TREND_UP,1.0,0.530804173340236,0.0,0.9866768065219533,1.0,1.0,-0.32932514145126135,0.837886229585256,0.9946707226087813,2.0155231609870983,0.08818326857161156,0.3353374292743693,0
235,2024-01-01 13:25:00,170.5634665659625,TREND_UP,1.0,0.5313515036527662,0.0,0.986664531128052,1.0,1.0,-0.32657314564623385,0.9138869874556715,0.9946658124512208,2.013262200764161,0.09019182940682814,0.3367134271768831,0
236,2024-01-01 13:26:00,170.554889752485,TREND_UP,1.0,0.4881356676924301,0.0,0.986846158595345,0.8213690794730222,1.0,-0.31959070912330856,0.8718470658496226,0.994738463438138,1.6427381589460444,0.09017384933825075,0.3402046454383457,0
237,2024-01-01 13:27:00,171.30071070169367,TREND_UP,1.0,0.48900474683217876,0.0,0.9872208204675137,0.8203476964764244,1.0,-0.3144369120190289,0.8951150369349847,0.9948883281870055,1.6406953929528487,0.09025460720861826,0.34278154399048555,0
238,2024-01-01 13:28:00,171.75918456100527,TREND_UP,1.0,0.4897502263701947,0.0,0.9875220358589045,0.8164609089372808,1.0,-0.306227549144258,0.8955524292232878,0.9950088143435618,1.6329218178745617,0.08963039157095914,0.346886225427871,0
239,2024-01-01 13:29:00,172.73904780820374,TREND_UP,1.0,0.4917019142023285,0.0,0.9884016333933904,0.8167513281386799,1.0,-0.29793163090344554,0.8257602676874289,0.9953606533573561,1.6335026562773598,0.0897924527943135,0.35103418454827723,0
240,2024-01-01 13:30:00,173.1562054439863,TREND_UP,1.0,0.4904980292628203,0.0,0.9894772543720848,0.8015408889976103,1.0,-0.286282532898017,0.83651573656677,0.9957909017488339,1.6030817779952207,0.09103497143346452,0.3568587335509915,0
241,2024-01-01 13:31:00,173.80909561210115,TREND_UP,1.0,0.4888575246541501,0.0,0.9902768534850045,0.7856221369212151,1.0,-0.27558611473702355,0.810873436620634,0.9961107413940018,1.5712442738424302,0.09120258044194438,0.3622069426314882,0
242,2024-01-01 13:32:00,174.67987475905994,TREND_UP,1.0,0.49057616987487496,0.0,0.9907864948185152,0.7814921650750651,1.0,-0.2624674754926005,0.9191501088899251,0.9963145979274061,1.5629843301501303,0.09233695803062156,0.36876626225369974,0
243,2024-01-01 13:33:00,175.68105427587545,TREND_UP,1.0,0.4920859266316972,0.0,0.9913448716632406,0.7797516857209046,1.0,-0.25344106357169527,0.9420940117054936,0.9965379486652962,1.5595033714418092,0.09313497344319284,0.37327946821415237,0
244,2024-01-01 13:34:00,175.96203981650876,TREND_UP,1.0,0.494864378899637,0.0,0.9918615725609414,0.7796319224368348,1.0,-0.24004497424903493,0.9236618799152703,0.9967446290243765,1.5592638448736695,0.09273172570659165,0.37997751287548254,0
245,2024-01-01 13:35:00,176.54816893621535,TREND_UP,1.0,0.5035364949564657,0.0,0.9925049400793259,0.797379670995313,1.0,-0.21967328906097017,0.9454656135328372,0.9970019760317304,1.594759341990626,0.09291775080870067,0.3901633554695149,0
246,2024-01-01 13:36:00,177.08666016189957,TREND_UP,1.0,0.5098285255432335,0.0,0.9932136581177625,0.8056367226795693,1.0,-0.19942034828049693,0.9775552206089835,0.997285463247105,1.6112734453591386,0.09297059202280869,0.40028982585975154,0
247,2024-01-01 13:37:00,177.56361501898195,TREND_UP,1.0,0.5149328095456368,0.0,0.993811437701862,0.8083546520159104,1.0,-0.17804356441903124,1.0120903609925582,0.9975245750807448,1.6167093040318208,0.09202498006735965,0.4109782177904844,0
248,2024-01-01 13:38:00,178.90083035316766,TREND_UP,1.0,0.5219122030844752,0.0,0.9942733011483847,0.8205908346814336,1.0,-0.1590191543648971,1.0175996519369555,0.9977093204593539,1.6411816693628671,0.0919267720299813,0.42049042281755145,0
249,2024-01-01 13:39:00,179.76133680331785,TREND_UP,1.0,0.5255659596432777,0.0,0.9944338073510367,0.820998117010562,1.0,-0.14146010723560987,1.0265431233726854,0.9977735229404147,1.641996234021124,0.09259832519703316,0.42926994638219507,0
250,2024-01-01 13:40:00,179.08136224776248,TREND_UP,1.0,0.5036406946189832,0.0,0.994145069828983,0.7155652554369212,1.0,-0.11893443348746402,1.0857794526446616,0.9976580279315932,1.4311305108738424,0.09014494479070052,0.440532783256268,0
251,2024-01-01 13:41:00,179.57447815126432,TREND_UP,1.0,0.512664761208756,0.0,0.9938158992184498,0.7322906739827343,1.0,-0.09430941045769992,0.9970187129519397,0.9975263596873799,1.4645813479654686,0.0876577563199372,0.45284529477115004,0
252,2024-01-01 13:42:00,180.71773342616635,TREND_UP,1.0,0.5181062226541777,0.0,0.9937824635225456,0.7379301331266821,1.0,-0.07410963254064573,1.05098482292432,0.9975129854090182,1.4758602662533642,0.0862018926543201,0.46294518372967713,0
253,2024-01-01 13:43:00,181.2774877713505,TREND_UP,1.0,0.5224314284600721,0.0,0.9935951882006905,0.7367862765132022,1.0,-0.05081968859200525,1.0816528849701306,0.9974380752802762,1.4735725530264043,0.08413484300057868,0.4745901557039974,0
254,2024-01-01 13:44:00,180.45120506008033,TREND_UP,1.0,0.500369842135959,0.0,0.9920831636825839,0.6312327300123997,1.0,-0.027295656438934168,1.084659654665404,0.9968332654730335,1.2624654600247993,0.08129362328813527,0.4863521717805329,0
255,2024-01-01 13:45:00,180.18906319414074,TREND_UP,1.0,0.5663073267899216,0.40751711035716376,0.9892878290647322,0.5509499393336944,1.0,-0.0012776869055891593,1.2037585551785819,0.9957151316258929,1.1018998786673888,0.07805552283247828,0.4993611565472054,0
256,2024-01-01 13:46:00,180.87391379350717,TREND_UP,1.0,0.585531772943853,0.0,0.9868636077274701,0.5463037283607602,1.0,0.5111996946089772,1.198023742169335,0.994745443090988,1.0926074567215205,0.07386914211580235,0.5111996946089772,0
257,2024-01-01 13:47:00,180.48991695575128,TREND_UP,1.0,0.4415889110173218,0.0,0.9827081501524823,-0.02998212870437378,1.0,0.5170370282764731,1.1747001349230775,0.9930832600609929,0.9700178712956262,0.06888921260736523,0.5170370282764731,0
258,2024-01-01 13:48:00,180.73023175093965,TREND_UP,1.0,0.4353008324571936,0.0,0.9781197309891804,-0.040479213743849995,0.9662972302893121,0.5213049005846491,1.177519390495848,0.9912478923956721,0.95952078625615,0.06331486151446561,0.5213049005846491,0
259,2024-01-01 13:49:00,181.15023112693504,TREND_UP,1.0,0.42364507061309037,0.0,0.9738765737346122,-0.04542537778609479,0.8734774030503253,0.5209226566046424,1.144103839937494,0.9895506294938449,0.9545746222139052,0.058673870152516266,0.5209226566046424,0
260,2024-01-01 13:50:00,180.64649011944013,TREND_UP,1.0,0.38059097117853946,0.0,0.9671815464096186,-0.15347336329808725,0.7524010055507072,0.5096191242279292,1.121548171082883,0.9868726185638474,0.8465266367019127,0.052620050277535364,0.5096191242279292,0
261,2024-01-01 13:51:00,180.6142309795031,TREND_UP,1.0,0.24709478734417142,0.0,0.9592174837981959,-0.2118546798302161,0.6262358723003664,-0.011847504389300823,1.0733191742335166,0.9836869935192784,0.7881453201697839,0.04631179361501832,0.4940762478053496,0
262,2024-01-01 13:52:00,178.85797395542644,TREND_UP,0.3333333333333333,0.19724766554443374,0.0,0.942109607488212,-0.27286564884657216,0.5017369670816852,-0.10118510412072368,1.1119755546906778,0.9768438429952848,0.7271343511534278,0.04008684835408426,0.44940744793963816,0
263,2024-01-01 13:53:00,178.30831426120437,TREND_UP,0.6666666666666666,0.07464842735924394,0.0,0.9201129664260684,-0.33451740645856454,0.41489420001576516,-0.19295727637482296,1.0858065842638311,0.9680451865704274,0.6654825935414355,0.03574471000078826,0.4035213618125885,-1
264,2024-01-01 13:54:00,178.17320925727142,NEUTRAL,1.0,0.05731828671496765,0.0,0.8962418096417979,-0.3524436499080271,0.3311130711434032,-0.2721213680892386,1.036962125812144,0.9584967238567191,0.6475563500919729,0.03155565355717016,0.3639393159553807,-1
265,2024-01-01 13:55:00,177.50624465530765,NEUTRAL,1.0,0.03513704042627623,0.0,0.8669103045175105,-0.42344095554990324,0.2891804178270767,-0.34755649086028517,1.0653586371651471,0.9467641218070042,0.5765590444500968,0.029459020891353837,0.3262217545698574,-1
266,2024-01-01 13:56:00,178.375534256189,NEUTRAL,1.0,0.04765947660509956,0.0,0.8420945092761423,-0.4292877555638207,0.2438798880625769,-0.3996510031461926,1.0268010918279578,0.9368378037104569,0.5707122444361793,0.027193994403128845,0.3001744984269037,0
267,2024-01-01 13:57:00,177.61022755912217,NEUTRAL,1.0,0.0232289521807766,0.0,0.8099892380578994,-0.4518353601862347,0.24201261170582425,-0.45255389228860987,1.0441448242988782,0.9239956952231597,0.5481646398137653,0.027100630585291212,0.27372305385569506,0
268,2024-01-01 13:58:00,177.375758354867,NEUTRAL,1.0,-0.0036493395411183738,0.0,0.7741378126293404,-0.5035973352154668,0.28432133974473867,-0.49858296434530325,0.934209460607723,0.9096551250517362,0.4964026647845332,0.029216066987236933,0.2507085178273484,0
269,2024-01-01 13:59:00,177.44532898199864,NEUTRAL,1.0,-0.017080931690362705,0.0,0.7344698618418651,-0.5020655316008381,0.32191349228729943,-0.536866817396747,0.8627814001943847,0.893787944736746,0.4979344683991619,0.031095674614364972,0.2315665913016265,0
270,2024-01-01 14:00:00,178.21257062079258,NEUTRAL,1.0,-0.03146289778642629,0.0,0.6992550311182927,-0.5060374850479274,0.33370009946080786,-0.5656864712504919,0.8688929490911046,0.879702012447317,0.4939625149520725,0.031685004973040394,0.2171567643747541,0
271,2024-01-01 14:01:00,177.4449045657362,NEUTRAL,1.0,-0.05352194838689725,0.0,0.6540981779546597,-0.5376986792445493,0.36384690861388524,-0.5950325696290669,0.8381196949300144,0.8616392711818639,0.46230132075545066,0.03319234543069426,0.20248371518546654,0
272,2024-01-01 14:02:00,178.0640970087226,NEUTRAL,1.0,-0.06873239353317605,0.0,0.6122005193146476,-0.535956494121999,0.3586686876959738,-0.6183013430046779,0.858174859646729,0.844880207725859,0.46404350587800103,0.03293343438479869,0.19084932849766106,0
273,2024-01-01 14:03:00,178.06956343103286,NEUTRAL,1.0,-0.08830882297530265,0.0,0.5676618409325851,-0.5413887519071039,0.3297633180241155,-0.6392671351704224,0.820741548207524,0.827064736373034,0.45861124809289605,0.031488165901205775,0.1803664324147888,0
274,2024-01-01 14:04:00,177.5452329800452,NEUTRAL,1.0,-0.11796680088556026,0.0,0.5150057185758972,-0.5902749521768478,0.3282614636129051,-0.6598781942330656,0.8395562144840775,0.8060022874303588,0.40972504782315217,0.031413073180645255,0.17006090288346723,0
275,2024-01-01 14:05:00,177.79136578704208,NEUTRAL,1.0,-0.13902759235468795,0.0,0.46205736587944385,-0.6048307271307587,0.3219735667814504,-0.6776580436000214,0.8088252900422905,0.7848229463517775,0.39516927286924136,0.03109867833907252,0.16117097819998932,0
276,2024-01-01 14:06:00,177.89753907248954,NEUTRAL,1.0,-0.26346779275057874,-0.5044065711591614,0.40795154490005175,-0.617965243630279,0.2863110096382363,-0.6935707740000663,0.7477967144204193,0.7631806179600207,0.38203475636972095,0.029315550481911815,0.1532146129999669,0
277,2024-01-01 14:07:00,177.57720775642056,NEUTRAL,1.0,-0.2911673141933455,-0.5009638239914145,0.34710429558830774,-0.648103618271892,0.2604261337206772,-0.7088366604811713,0.7495180880042928,0.7388417182353231,0.351896381728108,0.02802130668603386,0.14558166975941433,0
278,2024-01-01 14:08:00,177.61439353446488,NEUTRAL,0.3333333333333333,-0.30517519602973986,-0.4596906511435579,0.2840346671987562,-0.6440405215591505,0.21293916311836789,-0.7226475926138327,0.770154674428221,0.7136138668795025,0.35595947844084946,0.025646958155918394,0.13867620369308364,0
279,2024-01-01 14:09:00,177.40908181198333,NEUTRAL,0.6666666666666666,-0.3362060266214052,-0.4445259021252208,0.2148799028949805,-0.6650220296354441,0.1237058615760063,-0.7356795033442285,0.7777370489373896,0.6859519611579922,0.3349779703645559,0.021185293078800314,0.13216024832788578,0
280,2024-01-01 14:10:00,177.46949883595562,RANGE,1.0,-0.37357990513336203,-0.4782190294890847,0.14212333147254286,-0.6694924035828497,0.034014108479129695,-0.7474762102794065,0.7608904852554577,0.6568493325890171,0.33050759641715033,0.016700705423956484,0.12626189486029676,0
281,2024-01-01 14:11:00,177.82202283286912,RANGE,0.3333333333333333,-0.2257999165347398,-0.5481774352284945,0.07202087851149536,-0.6766714052038221,-0.3923416774406981,-0.757837733033146,0.7259112823857528,0.6288083514045981,0.32332859479617787,0.009114874838389528,0.12108113348342697,1
282,2024-01-01 14:12:00,178.66810898835087,RANGE,0.6666666666666666,-0.18084742018245822,0.0,0.010933636269047087,-0.673350447939755,-0.42809976227938645,-0.7664033060965041,0.8094024021094397,0.6043734545076188,0.326649552060245,0.008578503565809203,0.11679834695174797,1
283,2024-01-01 14:13:00,178.00463452499528,NEUTRAL,1.0,-0.12670908042417084,0.0,0.5,-0.7133710251671226,-0.45016807383103735,-0.7752929858672862,0.8328834375445922,0.5749702668656075,0.28662897483287747,0.00824747889253444,0.11235350706635687,1
284,2024-01-01 14:14:00,179.14370400385118,NEUTRAL,1.0,-0.2401880647647779,0.0,0.5,-0.7156605375226301,-0.2979646683721309,-0.7823823177345361,0.8513094396043095,0.5515785371084058,0.2843394624773698,0.010530529974418036,0.10880884113273194,0
285,2024-01-01 14:15:00,178.09459128700962,NEUTRAL,1.0,-0.24628063245305584,0.0,0.5,-0.7310149010511549,-0.3047192928564129,-0.7902748895231291,0.9114451781912126,0.5198864535892159,0.26898509894884515,0.010429210607153806,0.10486255523843546,0
286,2024-01-01 14:16:00,178.01349497361815,NEUTRAL,1.0,-0.25529962138250173,0.0,0.5,-0.753050068675005,-0.32476120491884153,-0.7978049186093317,0.9086315593602707,0.48613872447744766,0.24694993132499504,0.010128581926217376,0.10109754069533418,0
287,2024-01-01 14:17:00,178.32768017985646,NEUTRAL,1.0,-0.25282930404183834,0.0,0.5,-0.7419977241959402,-0.3140071161646865,-0.8046458068819231,1.0228657157454082,0.45344931864403176,0.25800227580405977,0.010289893257529702,0.09767709655903845,0
288,2024-01-01 14:18:00,178.47800606362424,NEUTRAL,0.3333333333333333,-0.5032439000783541,0.0,-0.5,-0.7384760536737874,-0.31426002232756123,-0.8109944221357552,1.0214117995741088,0.42063318335032795,0.26152394632621256,0.010286099665086581,0.0945027889321224,0
289,2024-01-01 14:19:00,178.14459155760116,NEUTRAL,0.6666666666666666,-0.5119898193541111,0.0,-0.5,-0.7596948748782395,-0.33608586486949604,-0.8172875707380082,1.1326286720198029,0.38355544080486825,0.24030512512176053,0.00995871202695756,0.0913562146309959,0
290,2024-01-01 14:20:00,178.03336399774932,RANGE,1.0,-0.5253174361271379,0.0,-0.5,-0.8064362545779791,-0.34046262211006817,-0.8233105513581813,1.0883669863409384,0.3440355783007526,0.19356374542202093,0.009893060668348977,0.08834472432090937,0
291,2024-01-01 14:21:00,177.77005215319528,RANGE,1.0,-0.5347055969864025,0.0,-0.5,-0.8302272217025664,-0.3631180545955346,-0.829184930506037,1.0705564913214074,0.3005382596441404,0.1697727782974336,0.00955322918106698,0.0854075347469815,0
292,2024-01-01 14:22:00,177.45573794245757,RANGE,1.0,-0.4597473441969618,0.0,-0.15793008801005187,-0.8777108066014045,-0.3384522255613691,-0.8349594899398037,1.0859955014187703,0.25262097359698443,0.12228919339859545,0.009923216616579463,0.08252025503009815,0
293,2024-01-01 14:23:00,177.90803824371054,RANGE,1.0,-0.49691812240814676,0.0,-0.3074715315497925,-0.8724386740436926,-0.3391828096755239,-0.8401114502111153,1.038845456412998,0.20775854053506224,0.12756132595630745,0.009912257854867141,0.07994427489444235,0
294,2024-01-01 14:24:00,178.09858601790253,RANGE,1.0,-0.5322203034364007,0.0,-0.4483689702643909,-0.8628635164126756,-0.35433264803667136,-0.8448945848173346,1.1083256165431425,0.16548930892068273,0.13713648358732441,0.00968501027944993,0.07755270759133268,0
295,2024-01-01 14:25:00,177.72836736044005,RANGE,1.0,-0.48275895645245015,0.41668695091041563,-0.5941711692992688,-0.8497566318628232,-0.3517367851363604,-0.8497035891518712,1.2083434754552078,0.12174864921021936,0.15024336813717673,0.009723948222954594,0.07514820542406442,0
296,2024-01-01 14:26:00,178.20802061185526,RANGE,1.0,-0.5183613520553907,0.4026251716350475,-0.7247523057954566,-0.848274419466464,-0.3482900614664961,-0.8540034946013522,1.2013125858175238,0.08257430826136304,0.151725580533536,0.009775649078002558,0.07299825269932392,0
297,2024-01-01 14:27:00,178.37231032990644,RANGE,0.3333333333333333,-0.26529826628080355,0.4748110822092442,-0.837286965370077,-0.8365921598224366,-0.35474508529679827,-0.8580722958782387,1.237405541104622,0.0488139103889769,0.16340784017756335,0.009678823720548025,0.07096385206088061,1
298,2024-01-01 14:28:00,178.80728661225734,RANGE,0.3333333333333333,-0.32167284779913285,0.0,-0.9238535903306243,-0.830320914198979,-0.3245178962011429,-0.8617513992287525,1.182755487020729,0.02284392290081273,0.16967908580102098,0.010132231556982856,0.06912430038562371,1
299,2024-01-01 14:29:00,179.1450332866489,RANGE,0.6666666666666666,-0.3246225667996695,0.0,-0.9766772932062988,-0.8141892423214168,-0.28487023705502984,-0.8652073800595355,1.1537725691898055,0.006996812038110386,0.1858107576785833,0.010726946444174552,0.06739630997023228,1
300,2024-01-01 14:30:00,178.6995022701706,RANGE,1.0,-0.33200136770087696,0.0,-0.9999896966816245,-0.8361353358052721,-0.3121607819318085,-0.8687769954342441,1.1856227680674405,3.0909955126481542e-06,0.16386466419472787,0.010317588271022872,0.0656115022828779,1
301,2024-01-01 14:31:00,178.39919005097744,RANGE,1.0,-0.6626540333429292,0.0,-0.9664165583947648,-0.8554212619736427,-0.3272578313643842,-0.8723439755719445,1.077089968207311,0.010075032481570571,0.14457873802635735,0.010091132529534237,0.06382801221402772,0
302,2024-01-01 14:32:00,178.7991397726302,RANGE,1.0,-0.6462486073626152,0.0,-0.8832481752606574,-0.8745131938024475,-0.3169189957484811,-0.8755818276099544,1.105915539431223,0.0350255474218028,0.1254868061975525,0.010246215063772783,0.0622090861950228,0
303,2024-01-01 14:33:00,179.12654080783713,RANGE,1.0,-0.619696390385091,0.0,-0.7935317947118953,-0.8746542945108269,-0.26931835338513344,-0.8785901637044855,1.0282738991553046,0.06194046158643141,0.12534570548917312,0.010960224699222998,0.060704918147757234,0
304,2024-01-01 14:34:00,179.11530871716462,RANGE,1.0,-0.5978727091699516,0.0,-0.6785202497563291,-0.8985845649402477,-0.2729460723521223,-0.8815094913029762,0.98360150368193,0.09644392507310126,0.10141543505975228,0.010905808914718165,0.0592452543485119,0
305,2024-01-01 14:35:00,179.1783541086116,RANGE,1.0,-0.5705223975305564,0.0,-0.5747731202041975,-0.9091470133714794,-0.2267507148803763,-0.8843364632429975,0.9672252122233573,0.12756806393874076,0.0908529866285206,0.011598739276794355,0.05783176837850121,0
306,2024-01-01 14:36:00,179.86514378800072,RANGE,1.0,-0.5520162646496244,0.0,-0.5474822054637353,-0.9124330312648106,-0.09668973052630858,-0.8868424120742854,1.006043624335285,0.1357553383608794,0.08756696873518942,0.01354965404210537,0.0565787939628573,0
307,2024-01-01 14:37:00,179.54593456925923,RANGE,1.0,-0.5502643827394368,0.0,-0.5269819547663304,-0.9496465772040918,-0.032263357629230716,-0.8894045699195406,1.0185795999014085,0.1419054135701009,0.050353422795908195,0.014516049635561539,0.0552977150402297,0
308,2024-01-01 14:38:00,179.84062190106692,RANGE,1.0,-0.5691089198775564,0.0,-0.6169386468388667,-0.9531626026689966,0.017725182736915493,-0.8917806288714109,0.9187196172954921,0.11491840594833999,0.046837397331003484,0.015886259136845774,0.05410968556429456,0
309,2024-01-01 14:39:00,179.73153454399431,RANGE,1.0,-0.594177058010604,0.0,-0.7285366598786263,-0.9458267969244717,0.03233514343113898,-0.8940985407647172,0.9424722515965436,0.08143900203641212,0.05417320307552833,0.01661675717155695,0.0529507296176414,0
310,2024-01-01 14:40:00,179.61416201390207,RANGE,1.0,-0.6163598400306871,0.0,-0.7891065065866825,-0.9739501334130888,0.03681253395294126,-0.8963846671301925,0.9068252756786213,0.06326804802399524,0.026049866586911233,0.016840626697647063,0.05180766643490373,0
311,2024-01-01 14:41:00,180.20622966443196,RANGE,1.0,-0.6412734735407123,0.0,-0.8804536108512608,-0.9852159646810728,0.0483234668859326,-0.8984421317311108,0.8906903044209337,0.03586391674462173,0.014784035318927191,0.01741617334429663,0.0507789341344446,0
312,2024-01-01 14:42:00,180.6524651688955,RANGE,1.0,-0.6636239110286987,0.0,-0.9735277537148356,-0.9830439901945408,0.05583197145575439,-0.90032086098465,0.8893320323648148,0.007941673885549339,0.0169560098054592,0.01779159857278772,0.049839569507675,0
313,2024-01-01 14:43:00,181.09335273244199,RANGE,1.0,-0.653264569681055,0.0,-0.9952804054825326,-0.9316429813137599,0.08864464253331268,-0.9019909361765654,0.8272555033669778,0.001415878355240182,0.06835701868624014,0.019432232126665634,0.049004531911717275,0
314,2024-01-01 14:44:00,181.80259333476818,RANGE,1.0,-0.6186701464415161,0.0,-0.9201349029657043,-0.8910776026506327,0.14818531757400283,-0.9034277589741605,0.815070580975834,0.023959529110288716,0.10892239734936726,0.02240926587870014,0.04828612051291974,0
315,2024-01-01 14:45:00,181.81404899340467,RANGE,1.0,-0.5806633878970262,0.0,-0.7836166690017357,-0.8843346907920103,0.17293437875291806,-0.904844929119408,0.8014446728876901,0.0649149992994793,0.11566530920798969,0.023646718937645902,0.047577535440296026,0
316,2024-01-01 14:46:00,182.18601488620735,RANGE,1.0,-0.609035088271341,-0.5233814289240897,-0.5424043012485268,-0.8358123585486846,0.21414983273095953,-0.9060981040515805,0.7383092855379552,0.13727870962544195,0.16418764145131537,0.025707491636547977,0.04695094797420976,0
317,2024-01-01 14:47:00,182.01643609440106,RANGE,1.0,-0.5402410670711144,-0.4973390968931628,-0.2809852268747552,-0.8504332075873735,0.2355545643994867,-0.9073704775844919,0.7513304515534186,0.21570443193757344,0.14956679241262646,0.026777728219974335,0.046314761207754095,0
318,2024-01-01 14:48:00,182.19344690694606,RANGE,1.0,-0.5913610427161129,-0.494196304455802,-0.5,-0.8483677496323623,0.26282243731479915,-0.9085604407417088,0.752901847772099,0.31318506332399515,0.15163225036763778,0.028141121865739957,0.04571977962914559,0
319,2024-01-01 14:49:00,182.12231327194732,RANGE,1.0,-0.5723112592131188,-0.4279904791526492,-0.5,-0.8328315086847402,0.2843107604268728,-0.909681811270456,0.7860047604236754,0.43802431210496484,0.16716849131525982,0.02921553802134364,0.045159094364772,0
320,2024-01-01 14:50:00,182.17530866051487,RANGE,1.0,-0.3482728033008945,-0.5826058180617366,0.5,-0.8131386317369493,0.28684303766983266,-0.9107564276064656,0.7086970909691317,0.5514194233153857,0.18686136826305072,0.029342151883491634,0.044621786196767224,0
321,2024-01-01 14:51:00,182.5005774049462,RANGE,1.0,-0.43744522540725383,-0.6336358299058829,0.167638257717814,-0.791923318697802,0.27696765324720196,-0.9117177975290022,0.6831820850470586,0.6670553030871256,0.20807668130219803,0.0288483826623601,0.04414110123549891,0
322,2024-01-01 14:52:00,182.05260016354185,RANGE,1.0,-0.4028828442330181,-0.6051645202642475,0.285134283711157,-0.784954430337084,0.25666745555068315,-0.912808245393776,0.6974177398678763,0.7140537134844628,0.21504556966291596,0.027833372777534157,0.04359587730311199,0
323,2024-01-01 14:53:00,183.19537379580478,RANGE,1.0,-0.37158258027423563,-0.5509960542385604,0.35015781612911717,-0.7736876279638412,0.272170461844707,-0.9135898132615662,0.7245019728807198,0.7400631264516468,0.22631237203615887,0.02860852309223535,0.04320509336921689,0
324,2024-01-01 14:54:00,182.64248060505804,RANGE,1.0,-0.3464363179931288,-0.5092748636465114,0.414517012219395,-0.7634331138879726,0.2552810178323023,-0.9144021081495617,0.7453625681767443,0.765806804887758,0.23656688611202734,0.027764050891615114,0.042798945925219156,0
325,2024-01-01 14:55:00,181.97719334457213,RANGE,1.0,-0.3778624411768725,-0.626124756372157,0.4427894181974426,-0.8077780189656554,0.21667348727129498,-0.9152884421875871,0.6869376218139215,0.777115767278977,0.19222198103434468,0.02583367436356475,0.04235577890620643,0
326,2024-01-01 14:56:00,182.60944264359625,RANGE,1.0,-0.34122613765087706,-0.5453520510647587,0.5118273923106664,-0.7899786555782933,0.2057002774353015,-0.9159396968227438,0.7273239744676206,0.8047309569242665,0.21002134442170678,0.025285013871765075,0.042030151588628106,0
327,2024-01-01 14:57:00,183.04313789351517,RANGE,0.3333333333333333,-0.2957300238072323,-0.40202075569439,0.5425309883291368,-0.7443753054150892,0.18418238071457635,-0.916415157341619,0.798989622152805,0.8170123953316547,0.2556246945849108,0.024209119035728817,0.041792421329190504,0
328,2024-01-01 14:58:00,183.38586044271943,RANGE,0.6666666666666666,-0.29571676068230335,-0.42069901008339716,0.5625147400879984,-0.7444191965801501,0.1724669278182525,-0.9167376866220561,0.7896504949583014,0.8250058960351994,0.25558080341984984,0.023623346390912625,0.04163115668897192,0
329,2024-01-01 14:59:00,183.7315494883347,NEUTRAL,1.0,-0.21036043916046798,0.0,0.5816042666556372,-0.7503949712949869,0.15267333496846044,-0.9171504824873831,0.8630432922348406,0.8326417066622549,0.2496050287050131,0.02263366674842302,0.04142475875630846,0
330,2024-01-01 15:00:00,183.72479913268052,NEUTRAL,1.0,-0.20307502132552874,0.0,0.6279516515640393,-0.7482503052985192,0.10509232501593739,-0.9175479519675125,0.8974997187656156,0.8511806606256157,0.25174969470148084,0.02025461625079687,0.04122602401624376,0
331,2024-01-01 15:01:00,183.23025549516404,NEUTRAL,1.0,-0.10587089622653703,0.0,0.64694218940573,-0.7815464161195915,0.055326048728207566,-0.9181167032371471,0.9169727312678898,0.858776875762292,0.21845358388040848,0.017766302436410378,0.04094164838142647,-1
332,2024-01-01 15:02:00,183.27192456086067,NEUTRAL,1.0,-0.10281500380140493,0.0,0.6824722814599645,-0.7759078777637554,0.014682753020501746,-0.9186969191445616,0.963014579267037,0.8729889125839858,0.22409212223624458,0.015734137651025087,0.04065154042771919,-1
333,2024-01-01 15:03:00,182.89961037053743,NEUTRAL,1.0,-0.10278097359512425,0.0,0.7109901039162003,-0.768914259486021,-0.0719948808359292,-0.9194071010710021,0.929435164820405,0.8843960415664801,0.23108574051397898,0.013920076787461062,0.040296449464498944,-1
334,2024-01-01 15:04:00,183.4346574284576,NEUTRAL,1.0,-0.101397777098819,0.0,0.7264728482186352,-0.7687386939472832,-0.08250971382578627,-0.9198906069144868,0.998197354019423,0.8905891392874541,0.23126130605271678,0.013762354292613205,0.040054696542756604,-1
335,2024-01-01 15:05:00,183.35373116726308,NEUTRAL,1.0,-0.10384856266098468,0.0,0.7445026872572871,-0.7931677660661964,-0.1144610536227037,-0.9204237512873582,1.0777187779347217,0.8978010749029148,0.20683223393380362,0.013283084195659444,0.03978812435632089,-1
336,2024-01-01 15:06:00,182.899657193963,NEUTRAL,1.0,-0.10426567430683278,0.0,0.7552067307395027,-0.7970622098333336,-0.13863729439374725,-0.9210187470041655,1.1415240928052712,0.9020826922958011,0.20293779016666633,0.01292044058409379,0.03949062649791722,-1
337,2024-01-01 15:07:00,182.72331311316705,NEUTRAL,1.0,-0.11067163573196981,0.0,0.7508661300711508,-0.8256621012622553,-0.1832043619582031,-0.921619212351716,1.194333046504723,0.9003464520284603,0.17433789873774475,0.012251934570626953,0.039190393824142036,-1
338,2024-01-01 15:08:00,182.9496697234087,NEUTRAL,1.0,-0.10852957531314097,0.0,0.7486344640536102,-0.7929578944866498,-0.21568698273270726,-0.9220479737237566,1.0954537868100827,0.8994537856214441,0.20704210551335017,0.01176469525900939,0.03897601313812171,-1
339,2024-01-01 15:09:00,182.6402700611573,NEUTRAL,1.0,-0.11861326013827035,0.0,0.7318070668032447,-0.8403468215304406,-0.2558142140478567,-0.9225508009497803,1.1986370772944435,0.8927228267212979,0.15965317846955943,0.01116278678928215,0.038724599525109864,-1
340,2024-01-01 15:10:00,182.18975839586918,NEUTRAL,1.0,-0.12697434879667485,0.0,0.6976242380937953,-0.871708071038699,-0.25742583521485435,-0.9234257791781917,1.1787185552064368,0.8790496952375181,0.12829192896130104,0.011138612471777184,0.03828711041090414,-1
341,2024-01-01 15:11:00,182.3229503384268,NEUTRAL,1.0,-0.25974447964783975,0.0,0.6699579562764792,-0.8721189912627781,-0.24395645203307778,-0.9240428784897863,1.1160848728126271,0.8679831825105917,0.12788100873722186,0.011340653219503833,0.03797856075510685,0
342,2024-01-01 15:12:00,182.4569394223633,NEUTRAL,1.0,-0.2585587121207021,0.0,0.6639079375787171,-0.8443495997472035,-0.28519433199804917,-0.9246443168938777,1.0977609123082386,0.8655631750314868,0.15565040025279656,0.010722085020029262,0.03767784155306114,0
343,2024-01-01 15:13:00,182.17945352164548,NEUTRAL,1.0,-0.2717101342313818,0.0,0.626542976629601,-0.8730081519185361,-0.2506329625452514,-0.9251527207731145,1.0560329793573,0.8506171906518404,0.1269918480814639,0.011240505561821228,0.037423639613442736,0
344,2024-01-01 15:14:00,181.92201301832958,NEUTRAL,1.0,-0.27356305505172585,0.0,0.6061274836042815,-0.883776553363348,-0.19016930651605213,-0.92566928480177,1.0126787187387156,0.8424509934417126,0.11622344663665192,0.012147460402259218,0.037165357599115,0
345,2024-01-01 15:15:00,182.04865799350424,NEUTRAL,1.0,-0.28240339611418136,0.0,0.5579118708127223,-0.8671544762667155,-0.19848788378499227,-0.9262197818609191,1.0736029448139595,0.8231647483250889,0.1328455237332845,0.012022681743225115,0.03689010906954041,0
346,2024-01-01 15:16:00,181.25779256041125,NEUTRAL,0.3333333333333333,-0.3014974913890785,0.0,0.4633135567784849,-0.909224968113395,-0.04582863653952336,-0.927183874506993,1.079882790420359,0.7853254227113939,0.09077503188660492,0.014312570451907149,0.0364080627465035,0
347,2024-01-01 15:17:00,180.49245122985454,NEUTRAL,0.6666666666666666,-0.3381053298529437,0.0,0.3218836201202105,-0.9563546399723868,0.06204048652963541,-0.9284581177143156,1.155686094441521,0.7287534480480842,0.04364536002761326,0.01810202432648177,0.0357709411428422,0
348,2024-01-01 15:18:00,180.1034299541572,RANGE,1.0,-0.3772182494719466,0.0,0.15536142989377777,-0.9730117923410783,0.13169257071383034,-0.9298745796575225,1.0618965559018796,0.6621445719575111,0.026988207658921702,0.021584628535691517,0.035062710171238735,0
349,2024-01-01 15:19:00,179.98810226174544,RANGE,0.3333333333333333,-0.28277592173443666,0.0,0.5,-0.9567419805910041,0.1770565714466077,-0.9314804186567319,1.0859080982101592,0.5900922374246459,0.04325801940899584,0.023852828572330384,0.03425979067163405,0
350,2024-01-01 15:20:00,179.38006917812007,RANGE,0.6666666666666666,-0.27938776592809356,0.0,0.5,-0.9642968213051889,0.2337856402254284,-0.9334606231216958,1.0566625031512655,0.5010611746892079,0.03570317869481112,0.02668928201127142,0.03326968843915211,0
351,2024-01-01 15:21:00,179.19184790192514,RANGE,0.3333333333333333,-0.518794967048057,0.0,-0.5,-0.9430607985533104,0.29102683759668807,-0.9356622558469913,1.0286014903436984,0.40925417085998406,0.05693920144668959,0.029551341879834405,0.032168872076504366,0
352,2024-01-01 15:22:00,178.78245173582232,RANGE,0.6666666666666666,-0.5198826672255649,0.0,-0.5,-0.9676878164284428,0.34694421219760685,-0.9382756716910743,1.0774598537293654,0.3110786399049614,0.03231218357155723,0.03234721060988034,0.030862164154462843,0
353,2024-01-01 15:23:00,178.01013352385127,RANGE,1.0,-0.465481835501262,0.0,-0.3000916694147548,-0.9792716415988093,0.4267256524688319,-0.9415678649737709,1.0758943354158126,0.20997249917557356,0.020728358401190687,0.036336282623441594,0.029216067513114535,0
354,2024-01-01 15:24:00,177.29132283434012,RANGE,1.0,-0.5358649577218539,0.0,-0.6040114170882164,-0.9836249891040071,0.502157259870041,-0.945857910804011,1.154799800218966,0.1187965748735351,0.016375010895992897,0.04010786299350205,0.0270710445979945,0
355,2024-01-01 15:25:00,176.22667802852894,RANGE,1.0,-0.4895848518986046,0.4554408307808573,-0.8544284677706484,-0.9481501853208066,0.6020252779748148,-0.9511544128969689,1.2277204153904286,0.04367145966880549,0.05184981467919333,0.04510126389874074,0.02442279355151557,0
356,2024-01-01 15:26:00,175.51524629950316,RANGE,1.0,-0.4947487540298793,0.47989514764307195,-0.9802574801589905,-0.9022148477718639,0.7124395936177974,-0.9567683046877988,1.239947573821536,0.005922755952302834,0.09778515222813614,0.05062197968088987,0.02161584765610061,0
357,2024-01-01 15:27:00,174.71185733009204,RANGE,1.0,-0.46387674979207005,0.5559529646857913,-0.9919043072229871,-0.8696110264000474,0.8286333490895383,-0.9627592211621175,1.2779764823428956,0.0024287078331039027,0.13038897359995266,0.05643166745447692,0.018620389418941254,0
358,2024-01-01 15:28:00,174.1257754189148,RANGE,1.0,-0.38682876759667767,0.7370063934469764,-0.915825814935442,-0.8169757058124625,0.9271654529065881,-0.9687310569487783,1.3685031967234882,0.025252255519367408,0.18302429418753752,0.061358272645329406,0.015634471525610892,0
359,2024-01-01 15:29:00,173.141187858246,RANGE,1.0,-0.3579035388264257,0.6995359883319567,-0.7821490968729616,-0.82925782426004,1.0,-0.9747950310478333,1.3497679941659784,0.06535527093811151,0.17074217573995995,0.06700867617322429,0.012602484476083347,0
360,2024-01-01 15:30:00,172.62846365158455,RANGE,0.3333333333333333,-0.27386799225327724,0.8840733982898277,-0.6009323055978683,-0.8174020796642445,1.0,-0.9804953779785729,1.4420366991449138,0.11972030832063951,0.18259792033575548,0.07232265197214643,0.009752311010713536,0
361,2024-01-01 15:31:00,172.4671385244395,RANGE,0.6666666666666666,-0.25472283372776683,0.6928263585946173,-0.3881462039256683,-0.7965314795507703,1.0,-0.9855934228879034,1.3464131792973086,0.1835561388222995,0.20346852044922964,0.07586409394655068,0.007203288556048269,0
362,2024-01-01 15:32:00,171.73975486716205,NEUTRAL,1.0,-0.1556304360088777,0.8720667120932979,-0.1730437024710464,-0.7548512119087617,1.0,-0.9903502491629262,1.436033356046649,0.24808688925868608,0.24514878809123833,0.07879058903144724,0.004824875418536905,0
363,2024-01-01 15:33:00,171.1907755930545,NEUTRAL,1.0,-0.22117573538078095,0.9400741389142704,-0.5,-0.7410850430831426,1.0,-0.9945965119642468,1.4700370694571352,0.31020579360931333,0.25891495691685745,0.0812475710485851,0.002701744017876596,0
364,2024-01-01 15:34:00,170.74230506110612,NEUTRAL,1.0,-0.26924083170721047,0.6697869097956719,-0.5,-0.7139741511004699,1.0,-0.998523379456137,1.334893454897836,0.3719292113671569,0.2860258488995301,0.08297238462784082,0.0007383102719314868,0
365,2024-01-01 15:35:00,169.92232522444672,NEUTRAL,1.0,-0.2900206570547943,0.5141552197554393,-0.5,-0.6731493602538506,1.0,-0.9978218047120974,1.2570776098777197,0.43162562822032846,0.32685063974614936,0.08390299996885145,0.0010890976439513337,0
366,2024-01-01 15:36:00,169.31879255469804,NEUTRAL,1.0,-0.04471661970470356,0.4913982477722185,0.5,-0.6763955128996855,1.0,-0.9944869551711295,1.2456991238861093,0.482035463001458,0.3236044871003145,0.08518874389245017,0.0027565224144352465,0
367,2024-01-01 15:37:00,168.6457816446707,NEUTRAL,1.0,-0.004354243691584825,0.6459924498559775,0.5,-0.641076987341523,1.0,-0.9914174341369981,1.3229962249279887,0.5334939703749324,0.3589230126584771,0.086931490556223,0.004291282931500962,0
368,2024-01-01 15:38:00,168.00414384206755,NEUTRAL,1.0,-0.13112451590667282,0.0,0.5,-0.6334263463871397,1.0,-0.9888396465494395,1.1841739654488153,0.5797708559752889,0.36657365361286026,0.08838237727797874,0.0055801767252802595,0
369,2024-01-01 15:39:00,167.07238957286293,NEUTRAL,1.0,-0.24103678604922432,0.0,0.060986217167521284,-0.6359000659375559,1.0,-0.9865416192835783,1.1895974805178278,0.6243944868670085,0.3640999340624441,0.08951548135396653,0.006729190358210831,0
370,2024-01-01 15:40:00,166.41228996133606,NEUTRAL,1.0,-0.12076468555718736,0.42206496421415274,0.16970968656507907,-0.6030918807718244,1.0,-0.9841606492416579,1.2110324821070764,0.6678838746260316,0.39690811922817565,0.09060187906164226,0.007919675379171034,0
371,2024-01-01 15:41:00,165.9123868735767,NEUTRAL,1.0,-0.0880976657982949,0.43610003020270227,0.2614171771956486,-0.5770860137300656,1.0,-0.9820023135261555,1.2180500151013511,0.7045668708782594,0.42291398626993437,0.0904223609868278,0.008998843236922226,0
372,2024-01-01 15:42:00,165.7302627254136,NEUTRAL,1.0,-0.1364509679701073,0.0,0.3421201585482578,-0.5037490326698512,1.0,-0.9802187471985447,1.1414519827222445,0.7368480634193031,0.49625096733014884,0.08872647821347288,0.009890626400727623,0
373,2024-01-01 15:43:00,165.38530208657582,NEUTRAL,1.0,-0.1055694168598888,0.0,0.41225783606769095,-0.4516360054296129,1.0,-0.9786243725970415,1.0641716651674205,0.7649031344270764,0.5483639945703871,0.0866785416618118,0.010687813701479249,0
374,2024-01-01 15:44:00,165.43597034059562,NEUTRAL,1.0,-0.09372096957184953,0.0,0.469688447340606,-0.46301830697544766,1.0,-0.9769425233156955,0.9273617470525496,0.7878753789362424,0.5369816930245523,0.08354192584058555,0.011528738342152223,0
375,2024-01-01 15:45:00,164.5203326819235,NEUTRAL,1.0,-0.06851513390618383,0.0,0.5232661953673923,-0.4171605166232265,1.0,-0.9752077679611263,0.9765448635362615,0.8093064781469569,0.5828394833767735,0.08197169259923698,0.012396116019436864,0
376,2024-01-01 15:46:00,164.14928031391298,NEUTRAL,1.0,-0.053828858448948,0.0,0.56972337869757,-0.4061097126751676,1.0,-0.973661374772743,0.9369314828008749,0.827889351479028,0.5938902873248324,0.08024706130634846,0.013169312613628498,0
377,2024-01-01 15:47:00,163.55287410924385,NEUTRAL,1.0,-0.025614686279091164,0.0,0.615753421259197,-0.3405639037951985,1.0,-0.9720603282254539,0.9058935596205587,0.8463013685036788,0.6594360962048015,0.07906720548664764,0.0139698358872731,0
378,2024-01-01 15:48:00,163.61495973972808,NEUTRAL,1.0,-0.023512430229828102,0.0,0.6581693007209146,-0.37576555150128776,1.0,-0.970566837673674,0.9194350133233664,0.8632677202883658,0.6242344484987122,0.0767896607142062,0.014716581163162969,0
379,2024-01-01 15:49:00,162.69600051793702,NEUTRAL,1.0,-0.003951288740390246,0.0,0.698432873142821,-0.3389149072103933,1.0,-0.9691539011174858,0.9636251229168288,0.8793731492571284,0.6610850927896067,0.0762087772171274,0.015423049441257122,0
380,2024-01-01 15:50:00,161.77197774532453,NEUTRAL,1.0,0.012462353652309743,0.0,0.7351811404830146,-0.3112146861777493,1.0,-0.9676462996200329,1.0022485997960915,0.8940724561932059,0.6887853138222507,0.07639411635483137,0.016176850189983574,0
381,2024-01-01 15:51:00,160.93095996694427,NEUTRAL,1.0,0.016533955576737924,0.0,0.766073845957669,-0.32702413422151644,1.0,-0.9661423617865011,0.9314167103994692,0.9064295383830676,0.6729758657784836,0.07632301409511737,0.016928819106749437,0
382,2024-01-01 15:52:00,159.60363497151076,NEUTRAL,1.0,0.03264432031895534,0.0,0.7975640087362287,-0.2955606885583556,1.0,-0.9642825486275646,1.033568041850106,0.9190256034944915,0.7044393114416444,0.07834272748908845,0.017858725686217707,0
383,2024-01-01 15:53:00,158.79739560649514,NEUTRAL,1.0,0.03787011475552682,0.0,0.8172223207139148,-0.29588695309067115,1.0,-0.9623186357514204,1.0255282642180759,0.9268889282855659,0.7041130469093289,0.08068740719348977,0.018840682124289774,0
384,2024-01-01 15:54:00,157.92110944492006,NEUTRAL,1.0,0.044090954657394016,0.0,0.8392880260486213,-0.2946550628219545,1.0,-0.9603364307463633,1.027398407514357,0.9357152104194485,0.7053449371780455,0.08323161533481617,0.019831784626818363,0
385,2024-01-01 15:55:00,157.33692571436828,NEUTRAL,1.0,0.057052177006012006,0.0,0.8655183813042361,-0.27074070446146026,1.0,-0.9582112110234098,0.9840891960796043,0.9462073525216944,0.7292592955385397,0.08599931163758355,0.020894394488295137,0
386,2024-01-01 15:56:00,156.8151196806574,NEUTRAL,1.0,0.08072924703847525,0.0,0.8857612184018271,-0.19781829704615062,1.0,-0.9562824165022195,0.9749667356727468,0.9543044873607308,0.8021817029538494,0.08841464182326751,0.021858791748890275,0
387,2024-01-01 15:57:00,156.77628311132077,NEUTRAL,1.0,0.1088894915557326,0.0,0.9027884445302764,-0.10388963842022292,1.0,-0.9541760498589039,0.9739975458464882,0.9611153778121105,0.8961103615797771,0.08961752217353784,0.02291197507054802,0
388,2024-01-01 15:58:00,156.4471858123379,NEUTRAL,1.0,0.12280838762810697,0.0,0.9166831523615862,-0.06384955478635668,1.0,-0.9520000588285021,0.9929170504454182,0.9666732609446345,0.9361504452136433,0.09037857476926663,0.023999970585748938,0
389,2024-01-01 15:59:00,155.64088716226206,NEUTRAL,1.0,0.1283280934108881,0.0,0.9272060759272129,-0.05403621270091097,1.0,-0.9498218619784369,0.9782094616276825,0.9708824303708852,0.945963787299089,0.09231924928538303,0.025089069010781565,0
390,2024-01-01 16:00:00,154.7386635006365,NEUTRAL,1.0,0.12783411757115398,0.0,0.9361611957250784,-0.06657767540957016,1.0,-0.9478088125386155,1.012686664207676,0.9744644782900314,0.9334223245904298,0.09510256735122301,0.02609559373069223,0
391,2024-01-01 16:01:00,154.27194667693246,NEUTRAL,0.3333333333333333,0.2783415479326441,0.0,0.9462250934937871,0.5236114139049011,1.0,-0.9455878945851398,1.0409257246994357,0.9784900373975148,1.0472228278098021,0.09744785440114806,0.027206052707430074,0
392,2024-01-01 16:02:00,153.24750899639554,NEUTRAL,0.6666666666666666,0.278277273316776,0.0,0.9544252057802977,0.5134829851743007,1.0,-0.9434988721093678,1.0863559352826524,0.981770082312119,1.0269659703486014,0.0999378623515986,0.02825056394531609,0
393,2024-01-01 16:03:00,153.19585194780353,TREND_DOWN,1.0,0.28763751938427695,0.0,0.9634259514127466,0.5402192722529614,1.0,-0.94136893266075,1.062317675946846,0.9853703805650986,1.0804385445059228,0.10067356251687287,0.02931553366962504,0
394,2024-01-01 16:04:00,152.94443920824295,TREND_DOWN,1.0,0.2899227453998928,0.0,0.9693552856800738,0.5415864507854143,1.0,-0.9390634435823957,0.9803361211749622,0.9877421142720295,1.0831729015708287,0.09927498221723707,0.030468278208802182,0
395,2024-01-01 16:05:00,152.18914583740735,TREND_DOWN,1.0,0.2902321150357826,0.0,0.974319322418716,0.5360334665689375,1.0,-0.9367804110556536,1.027667635678456,0.9897277289674864,1.072066933137875,0.09876217177670152,0.03160979447217323,0
396,2024-01-01 16:06:00,151.0589482926839,TREND_DOWN,1.0,0.29195087040107415,0.0,0.9792662913839558,0.5361341336088459,1.0,-0.9344961792356317,0.9882109790438002,0.9917065165535823,1.0722682672176918,0.09872580672811142,0.032751910382184155,0
397,2024-01-01 16:07:00,150.86374157344105,TREND_DOWN,1.0,0.31225945074713823,0.0,0.9838143905208193,0.6108711385922859,1.0,-0.9320596576556905,0.9282666918069623,0.9935257562083277,1.2217422771845718,0.09758335938552172,0.03397017117215473,0
398,2024-01-01 16:08:00,150.22572678791917,TREND_DOWN,1.0,0.3129004845901622,0.0,0.9867701993168262,0.608490501497352,1.0,-0.929573453066912,0.8765789823525669,0.9947080797267305,1.216981002994704,0.0945712159815389,0.03521327346654404,0
399,2024-01-01 16:09:00,149.9967275909598,TREND_DOWN,1.0,0.3127012264024658,0.0,0.9894452114856586,0.6029158747934372,1.0,-0.9269452258365406,0.8680664094709734,0.9957780845942634,1.2058317495868744,0.09119067181045519,0.036527387081729715,0
400,2024-01-01 16:10:00,148.91842281819663,TREND_DOWN,1.0,0.33032814088697005,0.0,0.9921069832397075,0.668625909993656,1.0,-0.924275412106854,0.9827824290666783,0.996842793295883,1.337251819987312,0.08942875120403677,0.037862293946572985,0
401,2024-01-01 16:11:00,148.14423316073405,TREND_DOWN,1.0,0.34548130351913187,0.0,0.9936676509864514,0.7255693319778328,1.0,-0.9216397111096958,0.9417866586637088,0.9974670603945806,1.4511386639556656,0.08846871147545969,0.0391801444451521,0
402,2024-01-01 16:12:00,147.55320987583846,TREND_DOWN,1.0,0.34868238418419856,0.0,0.994412258994928,0.7356645704295258,1.0,-0.9191841158595745,1.008368676837502,0.9977649035979712,1.4713291408590516,0.0891896631772263,0.040407942070212775,0
403,2024-01-01 16:13:00,146.9768613111588,TREND_DOWN,1.0,0.34661034742610364,0.0,0.9949308670111314,0.7246674965409666,1.0,-0.9164462173096044,0.9793173827217684,0.9979723468044526,1.4493349930819333,0.09034821758985973,0.04177689134519779,0
404,2024-01-01 16:14:00,146.25665544514908,TREND_DOWN,1.0,0.36607818134163816,0.0,0.9952190356558299,0.8002876834353989,1.0,-0.9139924921558449,0.9732054595996548,0.998087614262332,1.6005753668707978,0.0924666942824115,0.043003753922077566,0
405,2024-01-01 16:15:00,145.85382071926725,TREND_DOWN,1.0,0.3628024401601593,0.0,0.9952361727620093,0.7848595931563305,1.0,-0.9111075065971278,0.9282218943848161,0.9980944691048037,1.569719186312661,0.09415561550131026,0.044446246701436085,0
406,2024-01-01 16:16:00,144.95897239898338,TREND_DOWN,1.0,0.363301191393803,0.0,0.9952736542764004,0.784415715330686,1.0,-0.9081057550398429,0.9905381757460273,0.9981094617105601,1.568831430661372,0.09646142338567003,0.045947122480078546,0
407,2024-01-01 16:17:00,144.3378581417087,TREND_DOWN,1.0,0.36032588937174587,0.0,0.9953943839810544,0.7699913151986569,1.0,-0.9051026771159095,0.9830906305742038,0.9981577535924218,1.5399826303973139,0.09755081408729911,0.047448661442045216,0
408,2024-01-01 16:18:00,143.79523313679206,TREND_DOWN,1.0,0.3664829138943045,0.0,0.9954589020130818,0.792100072159852,1.0,-0.902034148244645,0.9985494101765362,0.9981835608052327,1.584200144319704,0.09773728337590704,0.04898292587767749,0
409,2024-01-01 16:19:00,143.3679999084011,TREND_DOWN,1.0,0.36377920467671376,0.0,0.9954589363974783,0.7786155773874144,1.0,-0.8986971188475468,0.9346730736172394,0.9981835745589913,1.5572311547748288,0.09788901766092312,0.05065144057622659,0
410,2024-01-01 16:20:00,142.99857351232083,TREND_DOWN,1.0,0.36800533369200955,0.0,0.9954341549041303,0.7927039928858282,1.0,-0.8951460162774002,0.8919222156774396,0.9981736619616521,1.5854079857716563,0.09819681994729984,0.0524269918612999,0
411,2024-01-01 16:21:00,142.10493478858209,TREND_DOWN,1.0,0.3704178076837026,0.0,0.995521618026954,0.799211958773893,1.0,-0.8913279325825457,0.8953168000930292,0.9982086472107816,1.598423917547786,0.09890952659393605,0.05433603370872716,0
412,2024-01-01 16:22:00,141.1005046610465,TREND_DOWN,1.0,0.3673728178960603,0.0,0.9956422686819327,0.7836017949314561,1.0,-0.8871909900364346,0.9836454225594262,0.9982569074727731,1.5672035898629122,0.1015306715497328,0.05640450498178267,0
413,2024-01-01 16:23:00,140.8966643311295,TREND_DOWN,1.0,0.3692225040138908,0.0,0.9957725501318456,0.7875160231308828,1.0,-0.8829981965089565,1.0118971869040922,0.9983090200527382,1.5750320462617655,0.10190124333320887,0.05850090174552176,0
414,2024-01-01 16:24:00,140.42672154540182,TREND_DOWN,1.0,0.37182069707174326,0.0,0.9958713259751697,0.7943295245741695,1.0,-0.878647577827958,0.9234863006031466,0.9983485303900679,1.588659049148339,0.10101968462738041,0.060676211086021,0
415,2024-01-01 16:25:00,139.65479963832118,TREND_DOWN,1.0,0.3731763218006561,0.0,0.9958699833979978,0.795909501692484,1.0,-0.873842747359822,0.9741548012140533,0.9983479933591991,1.591819003384968,0.1007935619958387,0.063078626320089,0
416,2024-01-01 16:26:00,139.52943207646825,TREND_DOWN,1.0,0.3717181350227059,0.0,0.9958178655794037,0.786216083493412,1.0,-0.8689517612274897,0.9762412665097113,0.9983271462317614,1.572432166986824,0.10070029312287224,0.0655241193862551,0
417,2024-01-01 16:27:00,139.00359438021945,TREND_DOWN,1.0,0.37172211641351544,0.0,0.9957649201962201,0.7821891214318061,1.0,-0.8638319699674554,0.9691938737820883,0.998305968078488,1.5643782428636122,0.09952631004962448,0.06808401501627233,0
418,2024-01-01 16:28:00,138.77543309755328,TREND_DOWN,1.0,0.37849238918917816,0.0,0.9955506123777946,0.8053106283830611,1.0,-0.8586146050051792,0.9647506358136742,0.9982202449511178,1.6106212567661222,0.09764637965002884,0.0706926974974104,0
419,2024-01-01 16:29:00,138.23907117816262,TREND_DOWN,1.0,0.37956568815990344,0.0,0.9954265647027682,0.8054586395211485,1.0,-0.8532780644803789,0.9084230171526071,0.9981706258811073,1.610917279042297,0.09464034616210086,0.07336096775981056,0
420,2024-01-01 16:30:00,138.255866651586,TREND_DOWN,1.0,0.27124148071116466,-0.4366319115484343,0.994794795148769,0.7172316474312079,1.0,-0.8471937381207136,0.7816840442257829,0.9979179180595076,1.4344632948624159,0.09163954243252441,0.0764031309396432,0
421,2024-01-01 16:31:00,138.18821552386146,TREND_DOWN,1.0,0.23874208098301627,-0.598496411692776,0.9935294505251038,0.7125125508776454,1.0,-0.8403456851455788,0.700751794153612,0.9974117802100415,1.4250251017552908,0.08825841650148913,0.07982715742721061,0
422,2024-01-01 16:32:00,137.56665483895054,TREND_DOWN,1.0,0.2527278772926963,-0.5260758582627327,0.9924298150039657,0.7059571449988691,1.0,-0.833268455277329,0.7369620708686336,0.9969719260015862,1.4119142899977382,0.08521125764311727,0.08336577236133554,0
423,2024-01-01 16:33:00,137.28369975091772,TREND_DOWN,1.0,0.2527318539425637,-0.524737914323147,0.9910307363728887,0.7003880442753492,1.0,-0.8258762917743317,0.7376310428384265,0.9964122945491555,1.4007760885506984,0.0817890430850098,0.08706185411283411,0
424,2024-01-01 16:34:00,136.91176414809266,TREND_DOWN,1.0,0.2467541866613321,-0.5608949452813328,0.9894837785079516,0.7004990607051477,1.0,-0.8178126704283805,0.7195525273593336,0.9957935114031806,1.4009981214102953,0.0786550354068023,0.09109366478580976,0
425,2024-01-01 16:35:00,136.7388806135213,TREND_DOWN,1.0,0.226221203746226,-0.6694200714154563,0.9874167246219284,0.7002408771142137,1.0,-0.8090459120235909,0.6652899642922718,0.9949666898487713,1.4004817542284274,0.07452479884537641,0.09547704398820456,0
426,2024-01-01 16:36:00,135.92803998331232,TREND_DOWN,1.0,0.21918751221955823,-0.7200488916508421,0.9859291033911968,0.7070974536062532,1.0,-0.8002967434981788,0.639975554174579,0.9943716413564787,1.4141949072125064,0.07231664711771937,0.09985162825091061,0
427,2024-01-01 16:37:00,135.57083508394962,TREND_DOWN,1.0,0.22312374962606388,-0.7075252376834176,0.9842566993803714,0.7064850063594809,1.0,-0.790283146361078,0.6462373811582912,0.9937026797521485,1.4129700127189617,0.07031656072083248,0.10485842681946102,0
428,2024-01-01 16:38:00,135.31553472672482,TREND_DOWN,1.0,0.21420691609582548,-0.7652652313779078,0.9822250126286705,0.7105393262779344,1.0,-0.7796556117762207,0.6173673843110461,0.9928900050514682,1.4210786525558687,0.06812574215855856,0.11017219411188968,0
429,2024-01-01 16:39:00,134.2983030397172,TREND_DOWN,1.0,0.22969750193351268,-0.709218400805476,0.98108820997547,0.7192472246643614,1.0,-0.7677133828267495,0.645390799597262,0.992435283990188,1.4384944493287228,0.06736797120372903,0.11614330858662525,0
430,2024-01-01 16:40:00,133.44329060694173,TREND_DOWN,1.0,0.2481964162668259,-0.6332170041607648,0.9804075006250679,0.7222542908475608,1.0,-0.7541281538458914,0.6833914979196176,0.9921630002500271,1.4445085816951215,0.06747333365610263,0.1229359230770543,0
431,2024-01-01 16:41:00,132.36527374029023,TREND_DOWN,1.0,0.265770989982508,-0.5542210060104582,0.9801892745101822,0.7183830963460607,1.0,-0.7401395076473052,0.7228894969947709,0.9920757098040729,1.4367661926921214,0.0707403447004795,0.1299302461763474,0
432,2024-01-01 16:42:00,131.76449242655156,TREND_DOWN,1.0,0.2647703837902084,-0.5734959271227413,0.9800252357098251,0.7182209536299882,1.0,-0.7254598906009831,0.7132520364386293,0.99201009428393,1.4364419072599763,0.07560286933190012,0.13727005469950843,0
433,2024-01-01 16:43:00,131.42652763910445,TREND_DOWN,1.0,0.3120723193353909,-0.5239801445341936,0.9798387572432273,0.8556980557341507,1.0,-0.7100792750105742,0.7380099277329032,0.9919355028972909,1.7113961114683014,0.07922736801772971,0.14496036249471292,0
434,2024-01-01 16:44:00,131.29572066981024,TREND_DOWN,1.0,0.3194964953262152,-0.5293054111894662,0.9798878381597439,0.8774167874767473,1.0,-0.694842894225072,0.7353472944052669,0.9919551352638976,1.7548335749534947,0.08178382471096936,0.152578552887464,0
435,2024-01-01 16:45:00,130.78999444231715,TREND_DOWN,1.0,0.42878139070605203,0.0,0.9797633269274544,0.8778036900844071,1.0,-0.6780518177345667,0.8333806381370664,0.9919053307709818,1.7556073801688141,0.08512764303505403,0.16097409113271663,0
436,2024-01-01 16:46:00,130.69284770085576,TREND_DOWN,1.0,0.4326458811025079,0.0,0.9795621162452158,0.8795952712539002,1.0,-0.6607173288613556,0.8623035276883768,0.9918248464980863,1.7591905425078005,0.08683582607918153,0.1696413355693222,0
437,2024-01-01 16:47:00,129.80933753067194,TREND_DOWN,1.0,0.45431643615249084,0.0,0.9799806059195284,0.950052921406801,1.0,-0.6409597283954577,0.9372984773979686,0.9919922423678114,1.900105842813602,0.08981433307106954,0.17952013580227116,0
438,2024-01-01 16:48:00,128.8478702885211,TREND_DOWN,1.0,0.4601926957493905,0.0,0.9820200559526243,0.9545675109026968,1.0,-0.6197709798221991,0.9748056914714979,0.9928080223810497,1.9091350218053935,0.09354672858820483,0.19011451008890048,0
439,2024-01-01 16:49:00,128.31816440196252,TREND_DOWN,1.0,0.4656860675085852,0.0,0.9837402665740932,0.9556147790694627,1.0,-0.5957634695115189,1.1234792144007433,0.9934961066296373,1.9112295581389254,0.09736145146595818,0.20211826524424054,0
440,2024-01-01 16:50:00,127.90345689119088,TREND_DOWN,1.0,0.47903763398894406,0.0,0.9850711524763475,0.9862875644718601,1.0,-0.5690102262405388,1.1389694070119023,0.994028460990539,1.9725751289437201,0.09973998777929334,0.21549488687973065,0
441,2024-01-01 16:51:00,127.38347952101928,TREND_DOWN,1.0,0.48334979861954946,0.0,0.9861800575337132,0.9799718739714338,1.0,-0.5409409212836866,1.1050388566378442,0.9944720230134853,1.9599437479428676,0.10100416580892246,0.22952953935815665,0
442,2024-01-01 16:52:00,126.34722966611255,TREND_DOWN,1.0,0.5807362174693593,0.4515690498231377,0.9865213299694183,0.9798831270374833,1.0,-0.5058935337349679,1.2257845249115689,0.9946085319877673,1.9597662540749665,0.1037818018183154,0.24705323313251606,0
443,2024-01-01 16:53:00,125.81932060724776,TREND_DOWN,1.0,0.5999595432458517,0.5203518649171537,0.9866994647535812,0.9773947420883543,1.0,-0.47567190724031494,1.2601759324585768,0.9946797859014325,1.9547894841767086,0.10574112126015937,0.26216404637984253,0
444,2024-01-01 16:54:00,124.98778839220599,TREND_DOWN,1.0,0.6452486768563437,0.6943460858703179,0.9866330804761952,0.9887372293937249,1.0,-0.43731558892599964,1.347173042935159,0.9946532321904781,1.9774744587874498,0.10786708406199223,0.2813422055370002,0
445,2024-01-01 16:55:00,124.65523902028764,TREND_DOWN,1.0,0.632022340559705,0.6154749769977648,0.9866349429158594,0.9569251308877998,1.0,-0.38481336645381414,1.3077374884988824,0.9946539771663437,1.9138502617755997,0.10810793518858573,0.30759331677309293,0
446,2024-01-01 16:56:00,124.24801484818973,TREND_DOWN,1.0,0.6339417981892349,0.5764245066948535,0.9866702942236727,0.9534955046325966,1.0,-0.33192276431901535,1.2882122533474267,0.9946681176894691,1.9069910092651932,0.10842280052516474,0.3340386178404923,0
447,2024-01-01 16:57:00,123.51746639350273,TREND_DOWN,1.0,0.7113369258683788,0.9097961568206312,0.9869499823234786,0.9533688424567097,1.0,-0.2785100584539729,1.4548980784103156,0.9947799929293915,1.9067376849134194,0.10847337156593147,0.36074497077301354,0
448,2024-01-01 16:58:00,122.89645344854299,TREND_DOWN,1.0,0.7414631975817643,1.0,0.987437317348003,0.9588900978213355,1.0,-0.22559328105285203,1.502017359194825,0.9949749269392012,1.917780195642671,0.10750635475389457,0.387203359473574,0
449,2024-01-01 16:59:00,122.14452046417904,TREND_DOWN,1.0,0.7141506457084735,0.789504038998861,0.9875973038473534,0.9783074235537623,1.0,-0.1761317197078881,1.3947520194994305,0.9950389215389414,1.9566148471075246,0.10810530865057509,0.41193414014605595,0
450,2024-01-01 17:00:00,121.6406305657632,TREND_DOWN,1.0,0.6569768513091425,0.4939339071658235,0.9875530397024629,0.9456846099322017,1.0,-0.12559671266344175,1.2469669535829118,0.9950212158809851,1.8913692198644034,0.10914557838058984,0.4372016436682791,0
451,2024-01-01 17:01:00,121.3864362717918,TREND_DOWN,1.0,0.6700860658237104,0.45807294812500876,0.9876880741971436,0.9765408053636777,1.0,-0.0629287184574826,1.2290364740625044,0.9950752296788574,1.9530816107273554,0.11062269846509681,0.4685356407712587,0
452,2024-01-01 17:02:00,120.66158298289471,TREND_DOWN,1.0,0.6810288921315872,0.4778764239922504,0.9875786012196414,0.9542832703651953,1.0,-5.9302815360262606e-05,1.2389382119961252,0.9950314404878565,1.9085665407303907,0.1126985079217779,0.49997034859231987,0
453,2024-01-01 17:03:00,120.30057475188192,TREND_DOWN,1.0,0.7795685962990512,0.4306167689745677,0.9877236952555773,0.9564358058398233,1.0,0.5370268361514373,1.2153083844872838,0.9950894781022309,1.9128716116796467,0.11370396574753339,0.5370268361514373,0
454,2024-01-01 17:04:00,119.69179186036087,TREND_DOWN,1.0,0.6982374389249912,0.0,0.9880913098229882,0.9537645998911286,1.0,0.56386730748231,1.1920909641825732,0.9952365239291953,1.9075291997822572,0.11367489948029993,0.56386730748231,0
455,2024-01-01 17:05:00,119.02322395289765,TREND_DOWN,1.0,0.7832559120536324,0.4052058982843101,0.9882466549262111,0.9500670756360468,1.0,0.5881814987810304,1.202602949142155,0.9952986619704844,1.9001341512720935,0.11365853436459211,0.5881814987810304,0
456,2024-01-01 17:06:00,118.52165286008079,TREND_DOWN,1.0,0.7080815809852922,0.0,0.9881515956268802,0.9520358687475132,1.0,0.6151735744584689,1.0735045000281078,0.9952606382507521,1.9040717374950265,0.1118676789057747,0.6151735744584689,0
457,2024-01-01 17:07:00,117.80216898631276,TREND_DOWN,1.0,0.7138912401817438,0.0,0.9880865644802656,0.9552975675179896,1.0,0.6402260359109002,1.035915731552324,0.9952346257921062,1.910595135035979,0.1112185357450831,0.6402260359109002,0
458,2024-01-01 17:08:00,117.20051813231218,TREND_DOWN,1.0,0.716262896950905,0.0,0.9879495923053039,0.9529163804671622,1.0,0.6552320187889421,0.9855089202099786,0.9951798369221215,1.9058327609343244,0.11168495870236353,0.6552320187889421,0
459,2024-01-01 17:09:00,116.45093224044162,TREND_DOWN,1.0,0.7186373205265357,0.0,0.9878542061358744,0.9518762294020001,1.0,0.6685235582103353,1.0415671604407497,0.9951416824543498,1.9037524588040002,0.11247361157398317,0.6685235582103353,0
460,2024-01-01 17:10:00,116.44271665812853,TREND_DOWN,1.0,0.7193925784840033,0.0,0.9878266182009273,0.9461642042645543,1.0,0.6794743643381645,1.0205371436020096,0.9951306472803709,1.8923284085291086,0.11107720689356404,0.6794743643381645,0
461,2024-01-01 17:11:00,115.98515815907723,TREND_DOWN,1.0,0.720601800573744,0.0,0.9878022930055408,0.9490475810605911,1.0,0.6819466602860554,0.9011123254180777,0.9951209172022163,1.8980951621211821,0.10914561014729021,0.6819466602860554,0
462,2024-01-01 17:12:00,115.358901979016,TREND_DOWN,1.0,0.724961768099046,0.0,0.987764344346832,0.9678190600618253,1.0,0.6803295849844083,0.9326074592579014,0.9951057377387328,1.9356381201236506,0.10881650858592823,0.6803295849844083,0
463,2024-01-01 17:13:00,114.94683534619567,TREND_DOWN,1.0,0.7232134022851151,0.0,0.9877659272519368,0.963452735510808,1.0,0.6770436829721445,0.894384630553921,0.9951063709007747,1.926905471021616,0.10803134989281872,0.6770436829721445,0
464,2024-01-01 17:14:00,114.46122449714574,TREND_DOWN,1.0,0.719762462459157,0.0,0.9878302940931857,0.9525113344391218,1.0,0.6733852766304002,0.9653398135882064,0.9951321176372743,1.9050226688782437,0.10796428254911686,0.6733852766304002,0
465,2024-01-01 17:15:00,113.95279469727872,TREND_DOWN,1.0,0.7201396471825934,0.0,0.9878635574536151,0.9546208859654103,1.0,0.6725926816391851,0.9381548773307051,0.995145422981446,1.9092417719308206,0.10723857053532618,0.6725926816391851,0
466,2024-01-01 17:16:00,113.63695554224951,TREND_DOWN,1.0,0.7191891973327907,0.0,0.988054452804741,0.9535355284011399,1.0,0.6689585101566025,0.8863917504869877,0.9952217811218964,1.9070710568022797,0.10546682682264917,0.6689585101566025,0
467,2024-01-01 17:17:00,113.35456946001962,TREND_DOWN,1.0,0.7127961486806796,0.0,0.9882520942247882,0.9330797074123137,1.0,0.6623159913570207,0.8439476971384209,0.9953008376899153,1.8661594148246274,0.10363204781793577,0.6623159913570207,0
468,2024-01-01 17:18:00,112.78088172380866,TREND_DOWN,1.0,0.7172121988799227,0.0,0.988498574073223,0.9542811352639325,1.0,0.6575863577281692,0.8092030849388318,0.9953994296292892,1.908562270527865,0.10228709640568594,0.6575863577281692,0
469,2024-01-01 17:19:00,112.1998756191283,TREND_DOWN,1.0,0.7197050119794313,0.0,0.9887061843778838,0.9641118748288363,1.0,0.6575024858887559,0.8218949887021569,0.9954824737511535,1.9282237496576726,0.10192087218824171,0.6575024858887559,0
470,2024-01-01 17:20:00,111.6893545842333,TREND_DOWN,1.0,0.720450336201812,0.0,0.9888159330588014,0.966811690623394,1.0,0.6577171514063157,0.8351608466604727,0.9955263732235206,1.933623381246788,0.10160470791554561,0.6577171514063157,0
471,2024-01-01 17:21:00,110.72839698751015,TREND_DOWN,1.0,0.7282928835368881,0.0,0.989303841946278,0.9904344909303926,1.0,0.6667915015886029,0.8586143031826708,0.9957215367785112,1.9808689818607852,0.10186580440359774,0.6667915015886029,0
472,2024-01-01 17:22:00,109.94993404466601,TREND_DOWN,1.0,0.7338756506559111,0.0,0.9904337456924778,1.0,1.0,0.6813360711639582,0.8632377868006862,0.9961734982769911,2.0102990238271174,0.10356647682806988,0.6813360711639582,0
473,2024-01-01 17:23:00,109.8107097795931,TREND_DOWN,1.0,0.7337180417670917,0.0,0.9912183513635294,0.9897945956387327,1.0,0.6923240250826304,0.8083993216506155,0.9964873405454118,1.9795891912774655,0.10343185082972803,0.6923240250826304,0
474,2024-01-01 17:24:00,109.73273708484291,TREND_DOWN,1.0,0.6492314714488508,-0.415839393840286,0.9917863427006176,0.9791179869470449,1.0,0.698366339024962,0.792080303079857,0.996714537080247,1.9582359738940898,0.10224936763321013,0.698366339024962,0
475,2024-01-01 17:25:00,109.23915132399695,TREND_DOWN,1.0,0.7378772859398152,0.0,0.9927185329792804,1.0,1.0,0.6984882634749755,0.8526950598766595,0.9970874131917121,2.023080327581286,0.10160187994138944,0.6984882634749755,0
476,2024-01-01 17:26:00,108.92815990536927,TREND_DOWN,1.0,0.7373085797975617,0.0,0.9929982440316015,1.0,1.0,0.6952950939483064,0.8282014779049975,0.9971992976126406,2.0181388988698474,0.1004610917008285,0.6952950939483064,0
477,2024-01-01 17:27:00,108.56025507895717,TREND_DOWN,1.0,0.7357841203360791,0.0,0.9931631624973819,0.99907541655767,1.0,0.6886223778615806,0.8702576178909122,0.9972652649989527,1.99815083311534,0.09977681720831236,0.6886223778615806,0
478,2024-01-01 17:28:00,108.79450223048855,TREND_DOWN,1.0,0.686551862803376,0.0,0.9920318161935989,0.8176018947362741,1.0,0.6707171753545385,0.8310727508957293,0.9968127264774396,1.6352037894725482,0.09767150039157754,0.6707171753545385,0
479,2024-01-01 17:29:00,108.60293141196512,TREND_DOWN,1.0,0.7081477517036566,0.0,0.9904064038961216,0.9248944493361111,1.0,0.6466126919779923,0.8239545734646067,0.9961625615584486,1.8497888986722222,0.09598675076449478,0.6466126919779923,0
480,2024-01-01 17:30:00,108.14073523548932,TREND_DOWN,1.0,0.7002366692566824,0.0,0.9884433291903818,0.9121428122077759,1.0,0.6254506695357145,0.8590334777906196,0.9953773316761527,1.8242856244155519,0.09313238670162055,0.6254506695357145,0
481,2024-01-01 17:31:00,107.50150660295981,TREND_DOWN,1.0,0.6996783717958713,0.0,0.9867905873789364,0.9222478712020606,1.0,0.6120937857531106,0.8770022483446556,0.9947162349515746,1.8444957424041213,0.09089769755388322,0.6120937857531106,0
482,2024-01-01 17:32:00,106.72610977713903,TREND_DOWN,1.0,0.7006102930263888,0.0,0.985679090712028,0.9343296337415692,1.0,0.6030405595649475,0.9335854719694436,0.9942716362848112,1.8686592674831384,0.0903385063594298,0.6030405595649475,0
483,2024-01-01 17:33:00,106.34263510270492,TREND_DOWN,1.0,0.6978136027028391,0.0,0.9845595965895623,0.9315555594404802,1.0,0.593924068476642,0.8924321441859673,0.9938238386358249,1.8631111188809604,0.08954708157105473,0.593924068476642,0
484,2024-01-01 17:34:00,105.75639989966325,TREND_DOWN,1.0,0.6925521721557883,0.0,0.9837915044950948,0.9159688098632142,1.0,0.5880604678310557,0.9118638623482795,0.9935166017980379,1.8319376197264283,0.08942909939572169,0.5880604678310557,0
485,2024-01-01 17:35:00,105.0325494359226,TREND_DOWN,1.0,0.6926619405939765,0.0,0.9837907773544335,0.9199561687826251,1.0,0.5836260202985588,0.9058296069157102,0.9935163109417734,1.8399123375652502,0.09053026471513703,0.5836260202985588,0
486,2024-01-01 17:36:00,104.47659684132266,TREND_DOWN,1.0,0.6916251775811391,0.0,0.9837435255113532,0.918608296155292,1.0,0.5801861108223885,0.8946006180629167,0.9934974102045413,1.837216592310584,0.09154982724533174,0.5801861108223885,0
487,2024-01-01 17:37:00,103.83269754448105,TREND_DOWN,1.0,0.6910143851529436,0.0,0.9841727676054512,0.9175821859513693,1.0,0.577878233818692,0.9441338242759276,0.9936691070421805,1.8351643719027386,0.09258522925988229,0.577878233818692,0
488,2024-01-01 17:38:00,103.7677276885215,TREND_DOWN,1.0,0.6899111253853505,0.0,0.9848416618822642,0.9174526654446804,1.0,0.5716877177680718,0.9664932936890387,0.9939366647529057,1.8349053308893608,0.09256238373701284,0.5716877177680718,0
489,2024-01-01 17:39:00,103.53562828620443,TREND_DOWN,1.0,0.6868538655085007,0.0,0.984789064933976,0.9133160037569514,1.0,0.5616379916788444,0.9143427170445608,0.9939156259735904,1.8266320075139029,0.09229706172567999,0.5616379916788444,0
490,2024-01-01 17:40:00,103.11983486820398,TREND_DOWN,1.0,0.6857246690319551,0.0,0.9844972781379829,0.917291130268705,1.0,0.5513878346514156,0.9010560961170615,0.9937989112551932,1.83458226053741,0.09224866148918105,0.5513878346514156,0
491,2024-01-01 17:41:00,103.01257871916418,TREND_DOWN,1.0,0.6820156801690102,0.0,0.9833858776528561,0.9139991381653074,1.0,0.5383471310723462,0.8381411621743816,0.9933543510611424,1.8279982763306148,0.09298510461395636,0.5383471310723462,0
492,2024-01-01 17:42:00,102.61646822205135,TREND_DOWN,1.0,0.6816058878680273,0.0,0.9822555240861602,0.9220355509499185,1.0,0.5276655955450379,0.8689481347111767,0.9929022096344641,1.844071101899837,0.09490982518507,0.5276655955450379,0
493,2024-01-01 17:43:00,102.02923846341163,TREND_DOWN,1.0,0.6813712011307788,0.0,0.9815872289135965,0.9272901444409689,1.0,0.520759288960687,0.9157636862915746,0.9926348915654386,1.8545802888819378,0.0968492741951378,0.520759288960687,0
494,2024-01-01 17:44:00,101.9319278889362,TREND_DOWN,1.0,0.6802039556567617,0.0,0.9809824939050732,0.9269410492164631,1.0,0.516115349381888,0.8349073425900624,0.9923929975620293,1.8538820984329263,0.09696470468774904,0.516115349381888,0
495,2024-01-01 17:45:00,101.63406445680343,TREND_DOWN,1.0,0.6785649707611091,0.0,0.9804598302009904,0.9273068054269711,1.0,0.5081165592705936,0.8358888039632172,0.9921839320803961,1.8546136108539422,0.09714048639374954,0.5081165592705936,0
496,2024-01-01 17:46:00,101.01668911396345,TREND_DOWN,1.0,0.6845466689739823,0.0,0.9814748654584562,0.9528290485959077,1.0,0.5048534523019564,0.8036449190153588,0.9925899461833825,1.9056580971918153,0.09779838634185493,0.5048534523019564,0
497,2024-01-01 17:47:00,100.57416759136693,TREND_DOWN,1.0,0.6844926437917864,0.0,0.9821904416407629,0.9538101756652779,1.0,0.5024624473263809,0.8341196167517732,0.9928761766563051,1.9076203513305559,0.09851534841754325,0.5024624473263809,0
498,2024-01-01 17:48:00,99.9957417670775,TREND_DOWN,1.0,0.6837738418223683,0.0,0.9826140808228458,0.9449253369189109,1.0,0.5094449369346459,0.8608951053323142,0.9930456323291383,1.8898506738378218,0.0975872435818302,0.5094449369346459,0
499,2024-01-01 17:49:00,99.31921063038301,TREND_DOWN,1.0,0.6856998002848782,0.0,0.9834887279547718,0.9462805775949735,1.0,0.5162873694872097,0.8503006877669552,0.9933954911819087,1.892561155189947,0.09644279559569045,0.5162873694872097,0
